query_id,query_variant,mode,rank,returned_title,returned_url_or_doi,justification,raw_response_path,matched_dataset_id,match_confidence,link_valid,is_relevant
1,V1_TOPIC,WEB_SEARCH,1,Eurobarometer (Series) – GESIS Data Catalogue,,,logs\query_1_WEB_SEARCH.json,,0.0,False,0
1,V1_TOPIC,WEB_SEARCH,2,German General Social Survey (ALLBUS) – Series,,,logs\query_1_WEB_SEARCH.json,ZA5273,0.7567567567567568,False,1
1,V1_TOPIC,WEB_SEARCH,3,Politbarometer – Series,,,logs\query_1_WEB_SEARCH.json,ZA2546,0.7567567567567568,False,1
1,V1_TOPIC,WEB_SEARCH,4,German Longitudinal Election Study (GLES) – Series,,,logs\query_1_WEB_SEARCH.json,,0.0,False,0
1,V1_TOPIC,WEB_SEARCH,5,International Social Survey Programme (ISSP) – Series,,,logs\query_1_WEB_SEARCH.json,ZA3680,0.7218045112781956,False,1
1,V1_TOPIC,WEB_SEARCH,6,European Values Study (EVS) – Series,,,logs\query_1_WEB_SEARCH.json,ZA3777,0.736842105263158,False,1
2,V1_TOPIC,NO_WEB,1,Politbarometer (Germany) Time Series,,,logs\query_2_NO_WEB.json,,0.0,False,0
2,V1_TOPIC,NO_WEB,2,German Longitudinal Election Study (GLES),,,logs\query_2_NO_WEB.json,,0.0,False,0
2,V1_TOPIC,NO_WEB,3,Eurobarometer Surveys (Standard and Special),,,logs\query_2_NO_WEB.json,,0.0,False,0
2,V1_TOPIC,NO_WEB,4,Manifesto Project (MARPOR) Dataset,,,logs\query_2_NO_WEB.json,,0.0,False,0
2,V1_TOPIC,NO_WEB,5,ALLBUS – German General Social Survey,,,logs\query_2_NO_WEB.json,ZA5273,0.8615384615384616,False,1
2,V1_TOPIC,NO_WEB,6,International Social Survey Programme (ISSP) – Role of Government,,,logs\query_2_NO_WEB.json,,0.0,False,0
2,V1_TOPIC,NO_WEB,7,International Social Survey Programme (ISSP) – Citizenship,,,logs\query_2_NO_WEB.json,ZA5520,0.7246376811594203,False,0
2,V1_TOPIC,NO_WEB,8,European Values Study (EVS) Integrated Dataset,,,logs\query_2_NO_WEB.json,,0.0,False,0
2,V1_TOPIC,NO_WEB,9,German Candidate Study (GLES),,,logs\query_2_NO_WEB.json,,0.0,False,0
2,V1_TOPIC,NO_WEB,10,GLES Rolling Cross-Section (Germany),,,logs\query_2_NO_WEB.json,,0.0,False,0
7,V1_TOPIC,NO_WEB,1,German Family Panel (pairfam),,,logs\query_7_NO_WEB.json,,0.0,False,0
7,V1_TOPIC,NO_WEB,2,ALLBUS (German General Social Survey),,,logs\query_7_NO_WEB.json,,0.0,False,0
7,V1_TOPIC,NO_WEB,3,Eurobarometer – Public Health and HIV/AIDS modules (GESIS Eurobarometer Archive),,,logs\query_7_NO_WEB.json,,0.0,False,0
7,V1_TOPIC,NO_WEB,4,Population Policy Acceptance Survey (PPAS),,,logs\query_7_NO_WEB.json,,0.0,False,0
7,V1_TOPIC,NO_WEB,5,DJI Family Survey (German Youth Institute),,,logs\query_7_NO_WEB.json,,0.0,False,0
7,V1_TOPIC,NO_WEB,6,ISSP – Family and Changing Gender Roles,,,logs\query_7_NO_WEB.json,,0.0,False,0
7,V1_TOPIC,NO_WEB,7,ISSP – Health and Health Care,,,logs\query_7_NO_WEB.json,,0.0,False,0
7,V1_TOPIC,NO_WEB,8,European Values Study (EVS) – Germany,,,logs\query_7_NO_WEB.json,ZA3777,0.7241379310344829,False,1
16,V1_TOPIC,NO_WEB,1,ALLBUS – German General Social Survey (GGSS),,,logs\query_16_NO_WEB.json,ZA5273,0.7777777777777777,False,1
16,V1_TOPIC,NO_WEB,2,German Longitudinal Election Study (GLES),,,logs\query_16_NO_WEB.json,,0.0,False,0
16,V1_TOPIC,NO_WEB,3,Politbarometer (Germany) – Trend Surveys,,,logs\query_16_NO_WEB.json,,0.0,False,0
16,V1_TOPIC,NO_WEB,4,International Social Survey Programme (ISSP) – Role of Government modules,,,logs\query_16_NO_WEB.json,,0.0,False,0
16,V1_TOPIC,NO_WEB,5,Eurobarometer – Standard Series,,,logs\query_16_NO_WEB.json,,0.0,False,0
16,V1_TOPIC,NO_WEB,6,European Values Study (EVS),,,logs\query_16_NO_WEB.json,ZA3777,0.875,False,1
16,V1_TOPIC,NO_WEB,7,ISSP – Citizenship,,,logs\query_16_NO_WEB.json,,0.0,False,0
16,V1_TOPIC,NO_WEB,8,ISSP – National Identity,,,logs\query_16_NO_WEB.json,ZA5517,0.9565217391304348,False,0
21,V1_TOPIC,NO_WEB,1,International Social Survey Programme: Work Orientations IV (ISSP 2015),,,logs\query_21_NO_WEB.json,ZA5520,0.9076923076923077,False,0
21,V1_TOPIC,NO_WEB,2,International Social Survey Programme: Leisure Time and Sports (ISSP 2007),,,logs\query_21_NO_WEB.json,ZA3680,0.7662337662337663,False,1
21,V1_TOPIC,NO_WEB,3,International Social Survey Programme: Health and Health Care (ISSP 2011),,,logs\query_21_NO_WEB.json,ZA3680,0.7777777777777777,False,1
21,V1_TOPIC,NO_WEB,4,International Social Survey Programme: Family and Changing Gender Roles IV (ISSP 2012),,,logs\query_21_NO_WEB.json,,0.0,False,0
21,V1_TOPIC,NO_WEB,5,International Social Survey Programme: Family and Changing Gender Roles III (ISSP 2002),,,logs\query_21_NO_WEB.json,,0.0,False,0
21,V1_TOPIC,NO_WEB,6,International Social Survey Programme: Family and Changing Gender Roles II (ISSP 1994),,,logs\query_21_NO_WEB.json,,0.0,False,0
21,V1_TOPIC,NO_WEB,7,German General Social Survey (ALLBUS) 2018,,,logs\query_21_NO_WEB.json,ZA5273,0.88,False,1
21,V1_TOPIC,NO_WEB,8,European Values Study 2017 Integrated Dataset,,,logs\query_21_NO_WEB.json,,0.0,False,0
21,V1_TOPIC,NO_WEB,9,German Family Panel (pairfam),,,logs\query_21_NO_WEB.json,,0.0,False,0
21,V1_TOPIC,NO_WEB,10,Eurobarometer 72.3: Sport and Physical Activity,,,logs\query_21_NO_WEB.json,,0.0,False,0
22,V1_TOPIC,NO_WEB,1,ISSP 1985: Role of Government I,,,logs\query_22_NO_WEB.json,,0.0,False,0
22,V1_TOPIC,NO_WEB,2,ISSP 1990: Role of Government II,,,logs\query_22_NO_WEB.json,,0.0,False,0
22,V1_TOPIC,NO_WEB,3,ISSP 1996: Role of Government III,,,logs\query_22_NO_WEB.json,,0.0,False,0
22,V1_TOPIC,NO_WEB,4,ISSP 2006: Role of Government IV,,,logs\query_22_NO_WEB.json,,0.0,False,0
22,V1_TOPIC,NO_WEB,5,ISSP 2016: Role of Government V,,,logs\query_22_NO_WEB.json,,0.0,False,0
22,V1_TOPIC,NO_WEB,6,ISSP 2020: Role of Government VI,,,logs\query_22_NO_WEB.json,,0.0,False,0
29,V1_TOPIC,NO_WEB,1,International Social Survey Programme: Work Orientations I - 1989,,,logs\query_29_NO_WEB.json,ZA5520,0.943089430894309,False,0
29,V1_TOPIC,NO_WEB,2,International Social Survey Programme: Work Orientations II - 1997,,,logs\query_29_NO_WEB.json,ZA5520,0.9354838709677419,False,0
29,V1_TOPIC,NO_WEB,3,International Social Survey Programme: Work Orientations III - 2005,,,logs\query_29_NO_WEB.json,ZA5520,0.9279999999999999,False,0
29,V1_TOPIC,NO_WEB,4,International Social Survey Programme: Work Orientations IV - 2015,,,logs\query_29_NO_WEB.json,ZA5520,1.0,False,0
29,V1_TOPIC,NO_WEB,5,New Democracies Barometer I (1991),,,logs\query_29_NO_WEB.json,,0.0,False,0
29,V1_TOPIC,NO_WEB,6,New Democracies Barometer II (1992),,,logs\query_29_NO_WEB.json,,0.0,False,0
29,V1_TOPIC,NO_WEB,7,New Democracies Barometer III (1993),,,logs\query_29_NO_WEB.json,,0.0,False,0
29,V1_TOPIC,NO_WEB,8,New Democracies Barometer IV (1995),,,logs\query_29_NO_WEB.json,,0.0,False,0
29,V1_TOPIC,NO_WEB,9,New Democracies Barometer V (1998),,,logs\query_29_NO_WEB.json,,0.0,False,0
29,V1_TOPIC,NO_WEB,10,European Values Study 2017 (EVS),,,logs\query_29_NO_WEB.json,ZA3777,0.7924528301886792,False,1
30,V1_TOPIC,NO_WEB,1,Special Eurobarometer 460: Attitudes towards the impact of digitisation and automation on daily life,,,logs\query_30_NO_WEB.json,,0.0,False,0
30,V1_TOPIC,NO_WEB,2,Special Eurobarometer: Attitudes towards robots and artificial intelligence,,,logs\query_30_NO_WEB.json,,0.0,False,0
30,V1_TOPIC,NO_WEB,3,"Special Eurobarometer: Public perceptions of science, research and innovation",,,logs\query_30_NO_WEB.json,,0.0,False,0
30,V1_TOPIC,NO_WEB,4,The Changing Academic Profession (CAP) International Survey,,,logs\query_30_NO_WEB.json,,0.0,False,0
30,V1_TOPIC,NO_WEB,5,Academic Profession in Europe (EUROAC) Survey,,,logs\query_30_NO_WEB.json,,0.0,False,0
33,V1_TOPIC,NO_WEB,1,BIBB/BAuA Employment Survey 2018 (Erwerbstätigenbefragung 2018),,,logs\query_33_NO_WEB.json,,0.0,False,0
33,V1_TOPIC,NO_WEB,2,BIBB/BAuA Employment Survey 2012 (Erwerbstätigenbefragung 2012),,,logs\query_33_NO_WEB.json,,0.0,False,0
33,V1_TOPIC,NO_WEB,3,BIBB/BAuA Employment Survey 2006 (Erwerbstätigenbefragung 2006),,,logs\query_33_NO_WEB.json,,0.0,False,0
33,V1_TOPIC,NO_WEB,4,"lidA Cohort Study – Work, Age, Health (Wave 1, 2011)",,,logs\query_33_NO_WEB.json,,0.0,False,0
33,V1_TOPIC,NO_WEB,5,"lidA Cohort Study – Work, Age, Health (Wave 2, 2014)",,,logs\query_33_NO_WEB.json,,0.0,False,0
33,V1_TOPIC,NO_WEB,6,"lidA Cohort Study – Work, Age, Health (Wave 3, 2018)",,,logs\query_33_NO_WEB.json,,0.0,False,0
34,V1_TOPIC,NO_WEB,1,ISSP 2015 - Work Orientations IV,,,logs\query_34_NO_WEB.json,ZA5520,1.0,False,0
34,V1_TOPIC,NO_WEB,2,ISSP 2005 - Work Orientations III,,,logs\query_34_NO_WEB.json,ZA5520,0.8421052631578948,False,0
34,V1_TOPIC,NO_WEB,3,ISSP 1997 - Work Orientations II,,,logs\query_34_NO_WEB.json,ZA5520,0.8571428571428571,False,0
34,V1_TOPIC,NO_WEB,4,ISSP 1989 - Work Orientations I,,,logs\query_34_NO_WEB.json,ZA5520,0.8727272727272728,False,0
34,V1_TOPIC,NO_WEB,5,BIBB/BAuA Employment Survey 2018 (Erwerbstätigenbefragung),,,logs\query_34_NO_WEB.json,,0.0,False,0
34,V1_TOPIC,NO_WEB,6,BIBB/BAuA Employment Survey 2012 (Erwerbstätigenbefragung),,,logs\query_34_NO_WEB.json,,0.0,False,0
34,V1_TOPIC,NO_WEB,7,BIBB Costs and Benefits of Apprenticeship Training (Kosten-Nutzen der betrieblichen Berufsausbildung),,,logs\query_34_NO_WEB.json,,0.0,False,0
34,V1_TOPIC,NO_WEB,8,GESIS Panel (Longitudinal Study),,,logs\query_34_NO_WEB.json,,0.0,False,0
34,V1_TOPIC,NO_WEB,9,ALLBUS (German General Social Survey) 2018,,,logs\query_34_NO_WEB.json,ZA5273,0.7472527472527473,False,1
34,V1_TOPIC,NO_WEB,10,ALLBUS (German General Social Survey) 2014,,,logs\query_34_NO_WEB.json,ZA5273,0.7252747252747253,False,1
35,V1_TOPIC,NO_WEB,1,German Longitudinal Election Study (GLES),,,logs\query_35_NO_WEB.json,,0.0,False,0
35,V1_TOPIC,NO_WEB,2,Politbarometer,,,logs\query_35_NO_WEB.json,ZA2546,1.0,False,1
35,V1_TOPIC,NO_WEB,3,European Election Study (EES),,,logs\query_35_NO_WEB.json,,0.0,False,0
35,V1_TOPIC,NO_WEB,4,Eurobarometer,,,logs\query_35_NO_WEB.json,ZA2146,1.0,False,0
35,V1_TOPIC,NO_WEB,5,GESIS Panel,,,logs\query_35_NO_WEB.json,,0.0,False,0
35,V1_TOPIC,NO_WEB,6,ALLBUS (German General Social Survey),,,logs\query_35_NO_WEB.json,,0.0,False,0
35,V1_TOPIC,NO_WEB,7,GLES 2017 Rolling Cross-Section,,,logs\query_35_NO_WEB.json,,0.0,False,0
35,V1_TOPIC,NO_WEB,8,GLES 2021 Rolling Cross-Section,,,logs\query_35_NO_WEB.json,,0.0,False,0
35,V1_TOPIC,NO_WEB,9,European Election Study 2014 Voter Study,,,logs\query_35_NO_WEB.json,,0.0,False,0
35,V1_TOPIC,NO_WEB,10,German Bundestag Election Study 1998,,,logs\query_35_NO_WEB.json,ZA4914,0.7407407407407408,False,1
42,V1_TOPIC,NO_WEB,1,"Eurobarometer 46.0: New Information Technologies, Science and Technology, Employment",,,logs\query_42_NO_WEB.json,,0.0,False,0
42,V1_TOPIC,NO_WEB,2,Eurobarometer 64.4: E-Communications,,,logs\query_42_NO_WEB.json,,0.0,False,0
42,V1_TOPIC,NO_WEB,3,Eurobarometer 66.2: E-Communications,,,logs\query_42_NO_WEB.json,,0.0,False,0
42,V1_TOPIC,NO_WEB,4,Eurobarometer 68.2: E-Communications,,,logs\query_42_NO_WEB.json,,0.0,False,0
42,V1_TOPIC,NO_WEB,5,Eurobarometer 71.1: E-Communications,,,logs\query_42_NO_WEB.json,,0.0,False,0
42,V1_TOPIC,NO_WEB,6,Eurobarometer 74.4: E-Communications,,,logs\query_42_NO_WEB.json,,0.0,False,0
42,V1_TOPIC,NO_WEB,7,Eurobarometer 77.3: E-Communications,,,logs\query_42_NO_WEB.json,,0.0,False,0
42,V1_TOPIC,NO_WEB,8,ARD/ZDF Long-term Study Mass Communication (Massenkommunikation) 2010,,,logs\query_42_NO_WEB.json,,0.0,False,0
42,V1_TOPIC,NO_WEB,9,ARD/ZDF Long-term Study Mass Communication (Massenkommunikation) 2015,,,logs\query_42_NO_WEB.json,,0.0,False,0
44,V1_TOPIC,NO_WEB,1,ALLBUS 2018 – German General Social Survey,,,logs\query_44_NO_WEB.json,ZA5273,0.88,False,1
44,V1_TOPIC,NO_WEB,2,ALLBUS Cumulation 1980–2016,,,logs\query_44_NO_WEB.json,,0.0,False,0
44,V1_TOPIC,NO_WEB,3,ISSP 2015 – Work Orientations IV,,,logs\query_44_NO_WEB.json,ZA5520,0.967741935483871,False,0
44,V1_TOPIC,NO_WEB,4,ISSP 2019 – Social Inequality V,,,logs\query_44_NO_WEB.json,,0.0,False,0
44,V1_TOPIC,NO_WEB,5,ISSP 2007 – Leisure Time and Sports,,,logs\query_44_NO_WEB.json,,0.0,False,0
44,V1_TOPIC,NO_WEB,6,ISSP 2016 – Role of Government V,,,logs\query_44_NO_WEB.json,,0.0,False,0
44,V1_TOPIC,NO_WEB,7,ISSP 2014 – Citizenship II,,,logs\query_44_NO_WEB.json,,0.0,False,0
44,V1_TOPIC,NO_WEB,8,ISSP 2013 – National Identity III,,,logs\query_44_NO_WEB.json,ZA5517,0.96875,False,0
44,V1_TOPIC,NO_WEB,9,EVS 2017 – European Values Study Integrated Dataset (Wave 5),,,logs\query_44_NO_WEB.json,ZA3777,0.704225352112676,False,1
44,V1_TOPIC,NO_WEB,10,EVS Longitudinal Data File 1981–2017,,,logs\query_44_NO_WEB.json,,0.0,False,0
45,V1_TOPIC,NO_WEB,1,German Family Panel (pairfam),,,logs\query_45_NO_WEB.json,,0.0,False,0
45,V1_TOPIC,NO_WEB,2,ALLBUS – German General Social Survey (selected waves),,,logs\query_45_NO_WEB.json,ZA5273,0.7272727272727272,False,1
45,V1_TOPIC,NO_WEB,3,European Values Study (EVS) – Integrated dataset,,,logs\query_45_NO_WEB.json,,0.0,False,0
45,V1_TOPIC,NO_WEB,4,ISSP – Family and Changing Gender Roles (1994/2002/2012/2019),,,logs\query_45_NO_WEB.json,,0.0,False,0
45,V1_TOPIC,NO_WEB,5,Eurobarometer – Public Health modules (selected waves),,,logs\query_45_NO_WEB.json,,0.0,False,0
45,V1_TOPIC,NO_WEB,6,Population Policy Acceptance Survey (PPAS) – Germany,,,logs\query_45_NO_WEB.json,,0.0,False,0
51,V1_TOPIC,WEB_SEARCH,1,ALLBUS – German General Social Survey (GGSS),,,logs\query_51_WEB_SEARCH.json,ZA5273,0.7777777777777777,False,1
51,V1_TOPIC,WEB_SEARCH,2,German Longitudinal Election Study (GLES),,,logs\query_51_WEB_SEARCH.json,,0.0,False,0
51,V1_TOPIC,WEB_SEARCH,3,Eurobarometer Data Service,,,logs\query_51_WEB_SEARCH.json,,0.0,False,0
51,V1_TOPIC,WEB_SEARCH,4,International Social Survey Programme (ISSP),,,logs\query_51_WEB_SEARCH.json,ZA3680,0.7605633802816902,False,1
51,V1_TOPIC,WEB_SEARCH,5,European Values Study (EVS),,,logs\query_51_WEB_SEARCH.json,ZA3777,0.875,False,1
51,V1_TOPIC,WEB_SEARCH,6,GESIS Panel,,,logs\query_51_WEB_SEARCH.json,,0.0,False,0
56,V1_TOPIC,NO_WEB,1,"ALLBUS - German General Social Survey (Cumulative File, 1980–2018)",,,logs\query_56_NO_WEB.json,ZA5273,0.759493670886076,False,1
56,V1_TOPIC,NO_WEB,2,International Social Survey Programme: Role of Government V (ISSP 2016),,,logs\query_56_NO_WEB.json,ZA5520,0.7019867549668873,False,0
56,V1_TOPIC,NO_WEB,3,International Social Survey Programme: Work Orientations IV (ISSP 2015),,,logs\query_56_NO_WEB.json,ZA5520,0.9076923076923077,False,0
56,V1_TOPIC,NO_WEB,4,International Social Survey Programme: Health (ISSP 2011),,,logs\query_56_NO_WEB.json,ZA3680,0.8,False,1
56,V1_TOPIC,NO_WEB,5,International Social Survey Programme: Leisure Time and Sports (ISSP 2007),,,logs\query_56_NO_WEB.json,ZA3680,0.7662337662337663,False,1
56,V1_TOPIC,NO_WEB,6,European Values Study 2017 – Integrated Dataset,,,logs\query_56_NO_WEB.json,,0.0,False,0
56,V1_TOPIC,NO_WEB,7,Politbarometer Trendfile 1977–2019,,,logs\query_56_NO_WEB.json,,0.0,False,0
56,V1_TOPIC,NO_WEB,8,German Longitudinal Election Study (GLES) 2017 – Post-Election Cross-Section,,,logs\query_56_NO_WEB.json,,0.0,False,0
56,V1_TOPIC,NO_WEB,9,International Social Survey Programme: National Identity III (ISSP 2013),,,logs\query_56_NO_WEB.json,ZA5517,0.9090909090909091,False,0
56,V1_TOPIC,NO_WEB,10,German Longitudinal Election Study (GLES) 2021 – Post-Election Cross-Section,,,logs\query_56_NO_WEB.json,,0.0,False,0
57,V1_TOPIC,NO_WEB,1,"Eurobarometer 80.2: Patient Safety and Quality of Medical Care, Antimicrobial Resistance, Tobacco",,,logs\query_57_NO_WEB.json,,0.0,False,0
57,V1_TOPIC,NO_WEB,2,Eurobarometer 79.4: Public Health,,,logs\query_57_NO_WEB.json,,0.0,False,0
57,V1_TOPIC,NO_WEB,3,Eurobarometer 82.4: Public Health,,,logs\query_57_NO_WEB.json,,0.0,False,0
57,V1_TOPIC,NO_WEB,4,Eurobarometer 83.4: Public Health,,,logs\query_57_NO_WEB.json,,0.0,False,0
57,V1_TOPIC,NO_WEB,5,Eurobarometer 74.3: Food-Related Risks,,,logs\query_57_NO_WEB.json,,0.0,False,0
57,V1_TOPIC,NO_WEB,6,Eurobarometer 64.3: Health and Food Safety,,,logs\query_57_NO_WEB.json,,0.0,False,0
57,V1_TOPIC,NO_WEB,7,ISSP 2011: Health and Health Care,,,logs\query_57_NO_WEB.json,,0.0,False,0
57,V1_TOPIC,NO_WEB,8,ISSP 1991: Health Care,,,logs\query_57_NO_WEB.json,,0.0,False,0
57,V1_TOPIC,NO_WEB,9,GESIS Panel: Health Behavior and Well-Being,,,logs\query_57_NO_WEB.json,,0.0,False,0
59,V1_TOPIC,NO_WEB,1,ALLBUS - German General Social Survey (GGSS) 2018,,,logs\query_59_NO_WEB.json,ZA5273,0.8571428571428571,False,1
59,V1_TOPIC,NO_WEB,2,ISSP 2015 - Work Orientations IV,,,logs\query_59_NO_WEB.json,ZA5520,1.0,False,0
59,V1_TOPIC,NO_WEB,3,ISSP 2005 - Work Orientations III,,,logs\query_59_NO_WEB.json,ZA5520,0.8421052631578948,False,0
59,V1_TOPIC,NO_WEB,4,ISSP 2012 - Family and Changing Gender Roles IV,,,logs\query_59_NO_WEB.json,,0.0,False,0
59,V1_TOPIC,NO_WEB,5,ISSP 2002 - Family and Changing Gender Roles II,,,logs\query_59_NO_WEB.json,,0.0,False,0
59,V1_TOPIC,NO_WEB,6,EVS 2017 - European Values Study Integrated Dataset,,,logs\query_59_NO_WEB.json,ZA3777,0.7422680412371133,False,1
59,V1_TOPIC,NO_WEB,7,Eurobarometer Special 327 - European Public Opinion on Vocational Education and Training (VET) 2009,,,logs\query_59_NO_WEB.json,ZA1441,0.8387096774193549,False,1
59,V1_TOPIC,NO_WEB,8,German Family Panel (pairfam),,,logs\query_59_NO_WEB.json,,0.0,False,0
59,V1_TOPIC,NO_WEB,9,DZHW Graduate Panel 2005,,,logs\query_59_NO_WEB.json,,0.0,False,0
59,V1_TOPIC,NO_WEB,10,DZHW Graduate Panel 2001,,,logs\query_59_NO_WEB.json,,0.0,False,0
72,V1_TOPIC,NO_WEB,1,German General Social Survey - ALLBUS 2018,,,logs\query_72_NO_WEB.json,ZA5273,0.923076923076923,False,1
72,V1_TOPIC,NO_WEB,2,German General Social Survey - ALLBUS 2014,,,logs\query_72_NO_WEB.json,ZA5273,0.901098901098901,False,1
72,V1_TOPIC,NO_WEB,3,German General Social Survey - ALLBUS 2010,,,logs\query_72_NO_WEB.json,ZA5273,0.901098901098901,False,1
72,V1_TOPIC,NO_WEB,4,ISSP 2019 - Social Inequality V,,,logs\query_72_NO_WEB.json,,0.0,False,0
72,V1_TOPIC,NO_WEB,5,ISSP 2009 - Social Inequality IV,,,logs\query_72_NO_WEB.json,,0.0,False,0
72,V1_TOPIC,NO_WEB,6,European Values Study 2017 - Integrated Dataset,,,logs\query_72_NO_WEB.json,,0.0,False,0
72,V1_TOPIC,NO_WEB,7,GLES 2009 - Campaign Media Content Analysis,,,logs\query_72_NO_WEB.json,,0.0,False,0
72,V1_TOPIC,NO_WEB,8,GLES 2013 - Campaign Media Content Analysis,,,logs\query_72_NO_WEB.json,,0.0,False,0
72,V1_TOPIC,NO_WEB,9,GLES 2017 - Campaign Media Content Analysis,,,logs\query_72_NO_WEB.json,,0.0,False,0
72,V1_TOPIC,NO_WEB,10,GLES 2021 - Campaign Media Content Analysis,,,logs\query_72_NO_WEB.json,,0.0,False,0
76,V1_TOPIC,WEB_SEARCH,1,German Longitudinal Election Study (GLES),,,logs\query_76_WEB_SEARCH.json,,0.0,False,0
76,V1_TOPIC,WEB_SEARCH,2,Eurobarometer,,,logs\query_76_WEB_SEARCH.json,ZA2146,1.0,False,0
76,V1_TOPIC,WEB_SEARCH,3,International Social Survey Programme (ISSP),,,logs\query_76_WEB_SEARCH.json,ZA3680,0.7605633802816902,False,1
76,V1_TOPIC,WEB_SEARCH,4,European Values Study (EVS),,,logs\query_76_WEB_SEARCH.json,ZA3777,0.875,False,1
76,V1_TOPIC,WEB_SEARCH,5,ALLBUS – German General Social Survey,,,logs\query_76_WEB_SEARCH.json,ZA5273,0.8615384615384616,False,1
76,V1_TOPIC,WEB_SEARCH,6,GESIS Panel,,,logs\query_76_WEB_SEARCH.json,,0.0,False,0
76,V1_TOPIC,WEB_SEARCH,7,Politbarometer,,,logs\query_76_WEB_SEARCH.json,ZA2546,1.0,False,1
79,V1_TOPIC,NO_WEB,1,ISSP 2007 – Leisure Time and Sports,,,logs\query_79_NO_WEB.json,,0.0,False,0
79,V1_TOPIC,NO_WEB,2,Eurobarometer 72.3 – Sport and Physical Activity,,,logs\query_79_NO_WEB.json,,0.0,False,0
79,V1_TOPIC,NO_WEB,3,ISSP 2012 – Family and Changing Gender Roles IV,,,logs\query_79_NO_WEB.json,,0.0,False,0
79,V1_TOPIC,NO_WEB,4,ISSP 2002 – Family and Changing Gender Roles III,,,logs\query_79_NO_WEB.json,,0.0,False,0
79,V1_TOPIC,NO_WEB,5,European Social Survey Round 7 (2014) – Immigration,,,logs\query_79_NO_WEB.json,,0.0,False,0
79,V1_TOPIC,NO_WEB,6,European Social Survey Round 1 (2002) – Immigration,,,logs\query_79_NO_WEB.json,,0.0,False,0
79,V1_TOPIC,NO_WEB,7,German Family Panel (pairfam),,,logs\query_79_NO_WEB.json,,0.0,False,0
79,V1_TOPIC,NO_WEB,8,DJI Youth Survey,,,logs\query_79_NO_WEB.json,,0.0,False,0
79,V1_TOPIC,NO_WEB,9,Sozialerhebung – Social Survey of Students in Germany,,,logs\query_79_NO_WEB.json,,0.0,False,0
79,V1_TOPIC,NO_WEB,10,ALLBUS – German General Social Survey,,,logs\query_79_NO_WEB.json,ZA5273,0.8615384615384616,False,1
84,V2_TOPIC_METHOD,NO_WEB,1,European Values Study 2017 (EVS 2017) - Integrated Dataset,,,logs\query_84_NO_WEB.json,,0.0,False,0
84,V2_TOPIC_METHOD,NO_WEB,2,European Values Study 2008 (EVS 2008) - Integrated Dataset,,,logs\query_84_NO_WEB.json,,0.0,False,0
84,V2_TOPIC_METHOD,NO_WEB,3,European Values Study 1999 (EVS 1999) - Integrated Dataset,,,logs\query_84_NO_WEB.json,ZA3777,0.7567567567567568,False,1
84,V2_TOPIC_METHOD,NO_WEB,4,ALLBUS (German General Social Survey) 2018,,,logs\query_84_NO_WEB.json,ZA5273,0.7472527472527473,False,1
84,V2_TOPIC_METHOD,NO_WEB,5,ALLBUS (German General Social Survey) 2014,,,logs\query_84_NO_WEB.json,ZA5273,0.7252747252747253,False,1
84,V2_TOPIC_METHOD,NO_WEB,6,ISSP 2016: Role of Government V,,,logs\query_84_NO_WEB.json,,0.0,False,0
84,V2_TOPIC_METHOD,NO_WEB,7,ISSP 2006: Role of Government IV,,,logs\query_84_NO_WEB.json,,0.0,False,0
84,V2_TOPIC_METHOD,NO_WEB,8,ISSP 2014: Citizenship II,,,logs\query_84_NO_WEB.json,,0.0,False,0
84,V2_TOPIC_METHOD,NO_WEB,9,Standard Eurobarometer 74 (Autumn 2010),,,logs\query_84_NO_WEB.json,,0.0,False,0
84,V2_TOPIC_METHOD,NO_WEB,10,Standard Eurobarometer 62 (Autumn 2004),,,logs\query_84_NO_WEB.json,,0.0,False,0
91,V2_TOPIC_METHOD,NO_WEB,1,Flash Eurobarometer: Entrepreneurship in the EU and beyond (2012),,,logs\query_91_NO_WEB.json,,0.0,False,0
91,V2_TOPIC_METHOD,NO_WEB,2,Flash Eurobarometer: Entrepreneurship in the EU and beyond (2009),,,logs\query_91_NO_WEB.json,,0.0,False,0
91,V2_TOPIC_METHOD,NO_WEB,3,Flash Eurobarometer: Development Aid (2011),,,logs\query_91_NO_WEB.json,,0.0,False,0
91,V2_TOPIC_METHOD,NO_WEB,4,Flash Eurobarometer: Development Aid (2013),,,logs\query_91_NO_WEB.json,,0.0,False,0
91,V2_TOPIC_METHOD,NO_WEB,5,Flash Eurobarometer: Businesses' attitudes towards corruption in the EU (2013),,,logs\query_91_NO_WEB.json,,0.0,False,0
93,V2_TOPIC_METHOD,NO_WEB,1,BIBB/BAuA Employment Survey of the Working Population on Qualification and Working Conditions in Germany 2018,,,logs\query_93_NO_WEB.json,,0.0,False,0
93,V2_TOPIC_METHOD,NO_WEB,2,BIBB/BAuA Employment Survey of the Working Population on Qualification and Working Conditions in Germany 2012,,,logs\query_93_NO_WEB.json,,0.0,False,0
93,V2_TOPIC_METHOD,NO_WEB,3,BIBB/BAuA Employment Survey of the Working Population on Qualification and Working Conditions in Germany 2006,,,logs\query_93_NO_WEB.json,,0.0,False,0
97,V2_TOPIC_METHOD,NO_WEB,1,HISTAT: Reichsarbeitsblatt – Arbeitsmarktstatistik des Deutschen Reichs (1895–1933),,,logs\query_97_NO_WEB.json,,0.0,False,0
97,V2_TOPIC_METHOD,NO_WEB,2,HISTAT: Statistisches Jahrbuch für das Deutsche Reich – Zeitreihen zur Bevölkerung und Wirtschaft (1871–1941),,,logs\query_97_NO_WEB.json,,0.0,False,0
97,V2_TOPIC_METHOD,NO_WEB,3,HISTAT: Erhebung über Arbeitsnachweise 1912 – Statistik der Arbeitsvermittlung,,,logs\query_97_NO_WEB.json,,0.0,False,0
97,V2_TOPIC_METHOD,NO_WEB,4,HISTAT: Statistisches Jahrbuch deutscher Städte – Städtestatistik (1907–1939),,,logs\query_97_NO_WEB.json,,0.0,False,0
97,V2_TOPIC_METHOD,NO_WEB,5,HISTAT: Bevölkerung des Deutschen Reichs – Demographie und Migration,,,logs\query_97_NO_WEB.json,,0.0,False,0
97,V2_TOPIC_METHOD,NO_WEB,6,HISTAT: Preise und Löhne im Deutschen Reich,,,logs\query_97_NO_WEB.json,,0.0,False,0
97,V2_TOPIC_METHOD,NO_WEB,7,HISTAT: Kommunale Finanzen deutscher Städte,,,logs\query_97_NO_WEB.json,,0.0,False,0
97,V2_TOPIC_METHOD,NO_WEB,8,HISTAT: Arbeitsvermittlung und Arbeitslosigkeit um 1912/1913,,,logs\query_97_NO_WEB.json,,0.0,False,0
99,V2_TOPIC_METHOD,NO_WEB,1,German Longitudinal Election Study (GLES) 2009: Rolling Cross-Section Campaign Survey (CATI),,,logs\query_99_NO_WEB.json,,0.0,False,0
99,V2_TOPIC_METHOD,NO_WEB,2,German Longitudinal Election Study (GLES) 2009: Campaign Tracking (CATI),,,logs\query_99_NO_WEB.json,,0.0,False,0
99,V2_TOPIC_METHOD,NO_WEB,3,German Longitudinal Election Study (GLES) 2013: Rolling Cross-Section Campaign Survey (CATI),,,logs\query_99_NO_WEB.json,,0.0,False,0
99,V2_TOPIC_METHOD,NO_WEB,4,German Longitudinal Election Study (GLES) 2013: Campaign Tracking (CATI),,,logs\query_99_NO_WEB.json,,0.0,False,0
99,V2_TOPIC_METHOD,NO_WEB,5,German Longitudinal Election Study (GLES) 2017: Rolling Cross-Section Campaign Survey (CATI),,,logs\query_99_NO_WEB.json,,0.0,False,0
99,V2_TOPIC_METHOD,NO_WEB,6,German Longitudinal Election Study (GLES) 2017: Campaign Tracking (CATI),,,logs\query_99_NO_WEB.json,,0.0,False,0
99,V2_TOPIC_METHOD,NO_WEB,7,German Longitudinal Election Study (GLES) 2021: Rolling Cross-Section Campaign Survey (CATI),,,logs\query_99_NO_WEB.json,,0.0,False,0
99,V2_TOPIC_METHOD,NO_WEB,8,German Longitudinal Election Study (GLES) 2021: Campaign Tracking (CATI),,,logs\query_99_NO_WEB.json,,0.0,False,0
101,V2_TOPIC_METHOD,NO_WEB,1,ALLBUS 2018 (German General Social Survey),,,logs\query_101_NO_WEB.json,ZA5273,0.7472527472527473,False,1
101,V2_TOPIC_METHOD,NO_WEB,2,ALLBUS 2016 (German General Social Survey),,,logs\query_101_NO_WEB.json,ZA5273,0.7252747252747253,False,1
101,V2_TOPIC_METHOD,NO_WEB,3,ALLBUS 2014 (German General Social Survey),,,logs\query_101_NO_WEB.json,ZA5273,0.7252747252747253,False,1
101,V2_TOPIC_METHOD,NO_WEB,4,ALLBUS 2012 (German General Social Survey),,,logs\query_101_NO_WEB.json,ZA5273,0.7252747252747253,False,1
101,V2_TOPIC_METHOD,NO_WEB,5,ALLBUS 2010 (German General Social Survey),,,logs\query_101_NO_WEB.json,ZA5273,0.7252747252747253,False,1
101,V2_TOPIC_METHOD,NO_WEB,6,GLES 2017 Rolling Cross-Section Campaign Survey (Germany),,,logs\query_101_NO_WEB.json,,0.0,False,0
101,V2_TOPIC_METHOD,NO_WEB,7,GLES 2013 Rolling Cross-Section Campaign Survey (Germany),,,logs\query_101_NO_WEB.json,,0.0,False,0
101,V2_TOPIC_METHOD,NO_WEB,8,GLES 2009 Rolling Cross-Section Campaign Survey (Germany),,,logs\query_101_NO_WEB.json,,0.0,False,0
101,V2_TOPIC_METHOD,NO_WEB,9,"Politbarometer (Cumulative 1977–2019, Germany)",,,logs\query_101_NO_WEB.json,,0.0,False,0
105,V2_TOPIC_METHOD,NO_WEB,1,ALLBUS 2018 - German General Social Survey,,,logs\query_105_NO_WEB.json,ZA5273,0.923076923076923,False,1
105,V2_TOPIC_METHOD,NO_WEB,2,ALLBUS 2016 - German General Social Survey,,,logs\query_105_NO_WEB.json,ZA5273,0.901098901098901,False,1
105,V2_TOPIC_METHOD,NO_WEB,3,ALLBUS 2014 - German General Social Survey,,,logs\query_105_NO_WEB.json,ZA5273,0.901098901098901,False,1
105,V2_TOPIC_METHOD,NO_WEB,4,ALLBUS 2012 - German General Social Survey,,,logs\query_105_NO_WEB.json,ZA5273,0.901098901098901,False,1
105,V2_TOPIC_METHOD,NO_WEB,5,GLES 2009 - Post-election Cross-Section,,,logs\query_105_NO_WEB.json,,0.0,False,0
105,V2_TOPIC_METHOD,NO_WEB,6,GLES 2013 - Post-election Cross-Section,,,logs\query_105_NO_WEB.json,,0.0,False,0
105,V2_TOPIC_METHOD,NO_WEB,7,European Values Study 2008 - Integrated Dataset,,,logs\query_105_NO_WEB.json,,0.0,False,0
105,V2_TOPIC_METHOD,NO_WEB,8,European Values Study 1999 - Integrated Dataset,,,logs\query_105_NO_WEB.json,ZA3777,0.7567567567567568,False,1
105,V2_TOPIC_METHOD,NO_WEB,9,Eurobarometer 73.4,,,logs\query_105_NO_WEB.json,ZA2146,0.8387096774193549,False,0
105,V2_TOPIC_METHOD,NO_WEB,10,Eurobarometer 74.3,,,logs\query_105_NO_WEB.json,ZA2146,0.8387096774193549,False,0
107,V2_TOPIC_METHOD,NO_WEB,1,German General Social Survey (ALLBUS) 2018,,,logs\query_107_NO_WEB.json,ZA5273,0.88,False,1
107,V2_TOPIC_METHOD,NO_WEB,2,German General Social Survey (ALLBUS) 2014,,,logs\query_107_NO_WEB.json,ZA5273,0.8,False,1
107,V2_TOPIC_METHOD,NO_WEB,3,German General Social Survey (ALLBUS) 2012,,,logs\query_107_NO_WEB.json,ZA5273,0.8,False,1
107,V2_TOPIC_METHOD,NO_WEB,4,German General Social Survey (ALLBUS) 2010,,,logs\query_107_NO_WEB.json,ZA5273,0.8,False,1
107,V2_TOPIC_METHOD,NO_WEB,5,German General Social Survey (ALLBUS) 2008,,,logs\query_107_NO_WEB.json,ZA5273,0.8,False,1
107,V2_TOPIC_METHOD,NO_WEB,6,International Social Survey Programme (ISSP) 2019 – Social Inequality V,,,logs\query_107_NO_WEB.json,,0.0,False,0
107,V2_TOPIC_METHOD,NO_WEB,7,International Social Survey Programme (ISSP) 2016 – Role of Government V,,,logs\query_107_NO_WEB.json,,0.0,False,0
107,V2_TOPIC_METHOD,NO_WEB,8,International Social Survey Programme (ISSP) 2014 – Citizenship II,,,logs\query_107_NO_WEB.json,,0.0,False,0
107,V2_TOPIC_METHOD,NO_WEB,9,European Values Study (EVS) 2017 – Integrated Dataset (Wave 5),,,logs\query_107_NO_WEB.json,,0.0,False,0
107,V2_TOPIC_METHOD,NO_WEB,10,European Values Study (EVS) 2008 – Integrated Dataset (Wave 4),,,logs\query_107_NO_WEB.json,,0.0,False,0
109,V2_TOPIC_METHOD,NO_WEB,1,European Election Study 2014 Voter Study,,,logs\query_109_NO_WEB.json,,0.0,False,0
109,V2_TOPIC_METHOD,NO_WEB,2,European Election Study 2014 Candidate Study,,,logs\query_109_NO_WEB.json,,0.0,False,0
109,V2_TOPIC_METHOD,NO_WEB,3,European Election Study 2019 Voter Study,,,logs\query_109_NO_WEB.json,,0.0,False,0
109,V2_TOPIC_METHOD,NO_WEB,4,German Internet Panel (GIP): Cumulative Data Release,,,logs\query_109_NO_WEB.json,,0.0,False,0
109,V2_TOPIC_METHOD,NO_WEB,5,German Longitudinal Election Study (GLES) 2009 Campaign Panel (Online),,,logs\query_109_NO_WEB.json,,0.0,False,0
109,V2_TOPIC_METHOD,NO_WEB,6,German Longitudinal Election Study (GLES) 2013 Campaign Panel (Online),,,logs\query_109_NO_WEB.json,,0.0,False,0
109,V2_TOPIC_METHOD,NO_WEB,7,German Longitudinal Election Study (GLES) 2017 Online Panel,,,logs\query_109_NO_WEB.json,,0.0,False,0
109,V2_TOPIC_METHOD,NO_WEB,8,German Longitudinal Election Study (GLES) 2021 Online Panel,,,logs\query_109_NO_WEB.json,,0.0,False,0
111,V2_TOPIC_METHOD,NO_WEB,1,ISSP 2015: Work Orientations IV,,,logs\query_111_NO_WEB.json,ZA5520,0.8928571428571429,False,0
111,V2_TOPIC_METHOD,NO_WEB,2,ISSP 2005: Work Orientations III,,,logs\query_111_NO_WEB.json,ZA5520,0.8148148148148148,False,0
111,V2_TOPIC_METHOD,NO_WEB,3,ISSP 1997: Work Orientations II,,,logs\query_111_NO_WEB.json,ZA5520,0.8301886792452831,False,0
111,V2_TOPIC_METHOD,NO_WEB,4,ISSP 1989: Work Orientations I,,,logs\query_111_NO_WEB.json,ZA5520,0.8461538461538461,False,0
111,V2_TOPIC_METHOD,NO_WEB,5,ISSP 2007: Leisure Time and Sports,,,logs\query_111_NO_WEB.json,,0.0,False,0
111,V2_TOPIC_METHOD,NO_WEB,6,ISSP 2012: Family and Changing Gender Roles IV,,,logs\query_111_NO_WEB.json,,0.0,False,0
111,V2_TOPIC_METHOD,NO_WEB,7,ISSP 2002: Family and Changing Gender Roles III,,,logs\query_111_NO_WEB.json,,0.0,False,0
111,V2_TOPIC_METHOD,NO_WEB,8,ISSP 1994: Family and Changing Gender Roles II,,,logs\query_111_NO_WEB.json,,0.0,False,0
111,V2_TOPIC_METHOD,NO_WEB,9,ISSP 1988: Family and Changing Gender Roles I,,,logs\query_111_NO_WEB.json,,0.0,False,0
111,V2_TOPIC_METHOD,NO_WEB,10,ISSP 2011: Health and Health Care,,,logs\query_111_NO_WEB.json,,0.0,False,0
124,V2_TOPIC_METHOD,NO_WEB,1,ISSP 2007: Leisure Time and Sports,,,logs\query_124_NO_WEB.json,,0.0,False,0
124,V2_TOPIC_METHOD,NO_WEB,2,Special Eurobarometer: Attitudes of Europeans towards Tourism,,,logs\query_124_NO_WEB.json,,0.0,False,0
124,V2_TOPIC_METHOD,NO_WEB,3,Special Eurobarometer: Urban Mobility,,,logs\query_124_NO_WEB.json,,0.0,False,0
124,V2_TOPIC_METHOD,NO_WEB,4,Special Eurobarometer: Consumer Protection in the EU,,,logs\query_124_NO_WEB.json,,0.0,False,0
124,V2_TOPIC_METHOD,NO_WEB,5,Special Eurobarometer: Passenger Rights,,,logs\query_124_NO_WEB.json,,0.0,False,0
124,V2_TOPIC_METHOD,NO_WEB,6,German General Social Survey (ALLBUS) 2014,,,logs\query_124_NO_WEB.json,ZA5273,0.8,False,1
130,V2_TOPIC_METHOD,NO_WEB,1,German Longitudinal Election Study (GLES) 2009: Rolling Cross-Section Campaign Survey,,,logs\query_130_NO_WEB.json,,0.0,False,0
130,V2_TOPIC_METHOD,NO_WEB,2,German Longitudinal Election Study (GLES) 2013: Rolling Cross-Section Campaign Survey,,,logs\query_130_NO_WEB.json,,0.0,False,0
130,V2_TOPIC_METHOD,NO_WEB,3,German Longitudinal Election Study (GLES) 2017: Rolling Cross-Section Campaign Survey,,,logs\query_130_NO_WEB.json,,0.0,False,0
130,V2_TOPIC_METHOD,NO_WEB,4,Forschungsgruppe Wahlen Politbarometer 2013,,,logs\query_130_NO_WEB.json,,0.0,False,0
130,V2_TOPIC_METHOD,NO_WEB,5,Forschungsgruppe Wahlen Politbarometer 2014,,,logs\query_130_NO_WEB.json,,0.0,False,0
130,V2_TOPIC_METHOD,NO_WEB,6,Forschungsgruppe Wahlen Politbarometer 2015,,,logs\query_130_NO_WEB.json,,0.0,False,0
130,V2_TOPIC_METHOD,NO_WEB,7,Forschungsgruppe Wahlen Politbarometer 2016,,,logs\query_130_NO_WEB.json,,0.0,False,0
130,V2_TOPIC_METHOD,NO_WEB,8,Forschungsgruppe Wahlen Politbarometer 2017,,,logs\query_130_NO_WEB.json,,0.0,False,0
130,V2_TOPIC_METHOD,NO_WEB,9,Forschungsgruppe Wahlen Politbarometer 2018,,,logs\query_130_NO_WEB.json,,0.0,False,0
132,V2_TOPIC_METHOD,NO_WEB,1,German Longitudinal Election Study (GLES) 2009 — Rolling Cross-Section (RCS),,,logs\query_132_NO_WEB.json,,0.0,False,0
132,V2_TOPIC_METHOD,NO_WEB,2,German Longitudinal Election Study (GLES) 2013 — Rolling Cross-Section (RCS),,,logs\query_132_NO_WEB.json,,0.0,False,0
132,V2_TOPIC_METHOD,NO_WEB,3,German Longitudinal Election Study (GLES) 2017 — Rolling Cross-Section (RCS),,,logs\query_132_NO_WEB.json,,0.0,False,0
132,V2_TOPIC_METHOD,NO_WEB,4,German Longitudinal Election Study (GLES) 2021 — Rolling Cross-Section (RCS),,,logs\query_132_NO_WEB.json,,0.0,False,0
132,V2_TOPIC_METHOD,NO_WEB,5,German Longitudinal Election Study (GLES) 2009 — Campaign Panel,,,logs\query_132_NO_WEB.json,,0.0,False,0
132,V2_TOPIC_METHOD,NO_WEB,6,German Longitudinal Election Study (GLES) 2013 — Campaign Panel,,,logs\query_132_NO_WEB.json,,0.0,False,0
132,V2_TOPIC_METHOD,NO_WEB,7,German Longitudinal Election Study (GLES) 2017 — Campaign Panel,,,logs\query_132_NO_WEB.json,,0.0,False,0
132,V2_TOPIC_METHOD,NO_WEB,8,German Longitudinal Election Study (GLES) 2021 — Campaign Panel,,,logs\query_132_NO_WEB.json,,0.0,False,0
135,V2_TOPIC_METHOD,NO_WEB,1,Standard Eurobarometer 93 (2020),,,logs\query_135_NO_WEB.json,,0.0,False,0
135,V2_TOPIC_METHOD,NO_WEB,2,Standard Eurobarometer 94.1 (2021),,,logs\query_135_NO_WEB.json,,0.0,False,0
135,V2_TOPIC_METHOD,NO_WEB,3,Standard Eurobarometer 94.3 (2021),,,logs\query_135_NO_WEB.json,,0.0,False,0
135,V2_TOPIC_METHOD,NO_WEB,4,Flash Eurobarometer 439: European SMEs and the Single Market,,,logs\query_135_NO_WEB.json,ZA2146,0.7307692307692308,False,1
138,V2_TOPIC_METHOD,NO_WEB,1,Politbarometer 2014 (Cumulation),,,logs\query_138_NO_WEB.json,,0.0,False,0
138,V2_TOPIC_METHOD,NO_WEB,2,Politbarometer 2015 (Cumulation),,,logs\query_138_NO_WEB.json,,0.0,False,0
138,V2_TOPIC_METHOD,NO_WEB,3,Politbarometer 2016 (Cumulation),,,logs\query_138_NO_WEB.json,,0.0,False,0
138,V2_TOPIC_METHOD,NO_WEB,4,Politbarometer 2017 (Cumulation),,,logs\query_138_NO_WEB.json,,0.0,False,0
138,V2_TOPIC_METHOD,NO_WEB,5,Politbarometer 2018 (Cumulation),,,logs\query_138_NO_WEB.json,,0.0,False,0
138,V2_TOPIC_METHOD,NO_WEB,6,Politbarometer 2019 (Cumulation),,,logs\query_138_NO_WEB.json,,0.0,False,0
138,V2_TOPIC_METHOD,NO_WEB,7,Politbarometer 2020 (Cumulation),,,logs\query_138_NO_WEB.json,,0.0,False,0
138,V2_TOPIC_METHOD,NO_WEB,8,German Longitudinal Election Study (GLES) 2009 Rolling Cross-Section,,,logs\query_138_NO_WEB.json,,0.0,False,0
138,V2_TOPIC_METHOD,NO_WEB,9,German Longitudinal Election Study (GLES) 2013 Rolling Cross-Section,,,logs\query_138_NO_WEB.json,,0.0,False,0
138,V2_TOPIC_METHOD,NO_WEB,10,German Longitudinal Election Study (GLES) 2017 Rolling Cross-Section,,,logs\query_138_NO_WEB.json,,0.0,False,0
141,V2_TOPIC_METHOD,NO_WEB,1,HISTAT – Historical Statistics of Germany,,,logs\query_141_NO_WEB.json,,0.0,False,0
144,V2_TOPIC_METHOD,NO_WEB,1,"CILS4EU-DE – Children of Immigrants Longitudinal Survey in Four European Countries – Germany, Wave 1 (2010/2011)",,,logs\query_144_NO_WEB.json,,0.0,False,0
144,V2_TOPIC_METHOD,NO_WEB,2,"CILS4EU-DE – Children of Immigrants Longitudinal Survey in Four European Countries – Germany, Wave 2 (2011/2012)",,,logs\query_144_NO_WEB.json,,0.0,False,0
144,V2_TOPIC_METHOD,NO_WEB,3,"CILS4EU-DE – Children of Immigrants Longitudinal Survey in Four European Countries – Germany, Wave 3 (2012/2013)",,,logs\query_144_NO_WEB.json,,0.0,False,0
144,V2_TOPIC_METHOD,NO_WEB,4,"CILS4EU – Children of Immigrants Longitudinal Survey in Four European Countries, Wave 1 (2010/2011)",,,logs\query_144_NO_WEB.json,,0.0,False,0
144,V2_TOPIC_METHOD,NO_WEB,5,"CILS4EU – Children of Immigrants Longitudinal Survey in Four European Countries, Wave 2 (2011/2012)",,,logs\query_144_NO_WEB.json,,0.0,False,0
144,V2_TOPIC_METHOD,NO_WEB,6,"CILS4EU – Children of Immigrants Longitudinal Survey in Four European Countries, Wave 3 (2012/2013)",,,logs\query_144_NO_WEB.json,,0.0,False,0
146,V2_TOPIC_METHOD,NO_WEB,1,ISSP 2015: Work Orientations IV - Germany,,,logs\query_146_NO_WEB.json,ZA5520,0.7941176470588235,False,0
146,V2_TOPIC_METHOD,NO_WEB,2,ISSP 2005: Work Orientations III - Germany,,,logs\query_146_NO_WEB.json,ZA5520,0.7272727272727272,False,0
146,V2_TOPIC_METHOD,NO_WEB,3,ISSP 1997: Work Orientations II - Germany,,,logs\query_146_NO_WEB.json,ZA5520,0.7384615384615384,False,0
146,V2_TOPIC_METHOD,NO_WEB,4,ISSP 2019: Social Inequality V - Germany,,,logs\query_146_NO_WEB.json,,0.0,False,0
146,V2_TOPIC_METHOD,NO_WEB,5,ISSP 2009: Social Inequality IV - Germany,,,logs\query_146_NO_WEB.json,,0.0,False,0
146,V2_TOPIC_METHOD,NO_WEB,6,ISSP 1999: Social Inequality III - Germany,,,logs\query_146_NO_WEB.json,,0.0,False,0
146,V2_TOPIC_METHOD,NO_WEB,7,ISSP 2016: Role of Government V - Germany,,,logs\query_146_NO_WEB.json,,0.0,False,0
146,V2_TOPIC_METHOD,NO_WEB,8,ISSP 2007: Leisure Time and Sports - Germany,,,logs\query_146_NO_WEB.json,,0.0,False,0
146,V2_TOPIC_METHOD,NO_WEB,9,ISSP 2013: National Identity III - Germany,,,logs\query_146_NO_WEB.json,ZA5517,0.8,False,0
146,V2_TOPIC_METHOD,NO_WEB,10,ISSP 2003: National Identity II - Germany,,,logs\query_146_NO_WEB.json,ZA5517,0.7384615384615384,False,0
149,V2_TOPIC_METHOD,NO_WEB,1,ALLBUS 2018 - German General Social Survey,,,logs\query_149_NO_WEB.json,ZA5273,0.923076923076923,False,1
149,V2_TOPIC_METHOD,NO_WEB,2,ALLBUS 2016 - German General Social Survey,,,logs\query_149_NO_WEB.json,ZA5273,0.901098901098901,False,1
149,V2_TOPIC_METHOD,NO_WEB,3,ALLBUS 2014 - German General Social Survey,,,logs\query_149_NO_WEB.json,ZA5273,0.901098901098901,False,1
149,V2_TOPIC_METHOD,NO_WEB,4,ALLBUS 2012 - German General Social Survey,,,logs\query_149_NO_WEB.json,ZA5273,0.901098901098901,False,1
149,V2_TOPIC_METHOD,NO_WEB,5,ALLBUS 2010 - German General Social Survey,,,logs\query_149_NO_WEB.json,ZA5273,0.901098901098901,False,1
149,V2_TOPIC_METHOD,NO_WEB,6,ALLBUS 2008 - German General Social Survey,,,logs\query_149_NO_WEB.json,ZA5273,0.901098901098901,False,1
149,V2_TOPIC_METHOD,NO_WEB,7,ALLBUS 2006 - German General Social Survey,,,logs\query_149_NO_WEB.json,ZA5273,0.8791208791208791,False,1
149,V2_TOPIC_METHOD,NO_WEB,8,ALLBUS 2004 - German General Social Survey,,,logs\query_149_NO_WEB.json,ZA5273,0.8791208791208791,False,1
149,V2_TOPIC_METHOD,NO_WEB,9,ALLBUS 2002 - German General Social Survey,,,logs\query_149_NO_WEB.json,ZA5273,0.8791208791208791,False,1
149,V2_TOPIC_METHOD,NO_WEB,10,ALLBUS 2000 - German General Social Survey,,,logs\query_149_NO_WEB.json,ZA5273,0.8791208791208791,False,1
154,V2_TOPIC_METHOD,NO_WEB,1,ISSP 2007: Leisure Time and Sports,,,logs\query_154_NO_WEB.json,,0.0,False,0
154,V2_TOPIC_METHOD,NO_WEB,2,ISSP 2015: Work Orientations IV,,,logs\query_154_NO_WEB.json,ZA5520,0.8928571428571429,False,0
154,V2_TOPIC_METHOD,NO_WEB,3,ISSP 2005: Work Orientations III,,,logs\query_154_NO_WEB.json,ZA5520,0.8148148148148148,False,0
154,V2_TOPIC_METHOD,NO_WEB,4,ISSP 1997: Work Orientations II,,,logs\query_154_NO_WEB.json,ZA5520,0.8301886792452831,False,0
154,V2_TOPIC_METHOD,NO_WEB,5,ALLBUS 2018 (German General Social Survey),,,logs\query_154_NO_WEB.json,ZA5273,0.7472527472527473,False,1
154,V2_TOPIC_METHOD,NO_WEB,6,ALLBUS 2014 (German General Social Survey),,,logs\query_154_NO_WEB.json,ZA5273,0.7252747252747253,False,1
154,V2_TOPIC_METHOD,NO_WEB,7,ALLBUS 2012 (German General Social Survey),,,logs\query_154_NO_WEB.json,ZA5273,0.7252747252747253,False,1
154,V2_TOPIC_METHOD,NO_WEB,8,ISSP 2014: Citizenship II,,,logs\query_154_NO_WEB.json,,0.0,False,0
164,V2_TOPIC_METHOD,WEB_SEARCH,1,ALLBUS – German General Social Survey,,,logs\query_164_WEB_SEARCH.json,ZA5273,0.8615384615384616,False,1
164,V2_TOPIC_METHOD,WEB_SEARCH,2,ISSP 2007 – Leisure Time and Sports,,,logs\query_164_WEB_SEARCH.json,,0.0,False,0
164,V2_TOPIC_METHOD,WEB_SEARCH,3,ISSP 1998 – Time Use,,,logs\query_164_WEB_SEARCH.json,missy-mz-1998,0.7272727272727272,False,0
164,V2_TOPIC_METHOD,WEB_SEARCH,4,ISSP 2012 – Family and Changing Gender Roles IV,,,logs\query_164_WEB_SEARCH.json,,0.0,False,0
164,V2_TOPIC_METHOD,WEB_SEARCH,5,ISSP 2015 – Work Orientations IV,,,logs\query_164_WEB_SEARCH.json,ZA5520,0.967741935483871,False,0
164,V2_TOPIC_METHOD,WEB_SEARCH,6,Eurobarometer – Survey Series,,,logs\query_164_WEB_SEARCH.json,,0.0,False,0
164,V2_TOPIC_METHOD,WEB_SEARCH,7,European Values Study (EVS),,,logs\query_164_WEB_SEARCH.json,ZA3777,0.875,False,1
164,V2_TOPIC_METHOD,WEB_SEARCH,8,ISSP 2014 – Citizenship II,,,logs\query_164_WEB_SEARCH.json,,0.0,False,0
164,V2_TOPIC_METHOD,WEB_SEARCH,9,ISSP 2017 – Social Networks and Social Resources,,,logs\query_164_WEB_SEARCH.json,,0.0,False,0
164,V2_TOPIC_METHOD,WEB_SEARCH,10,ISSP 2016 – Role of Government VI,,,logs\query_164_WEB_SEARCH.json,,0.0,False,0
168,V2_TOPIC_METHOD,NO_WEB,1,ISSP 1995 - National Identity I,,,logs\query_168_NO_WEB.json,ZA5517,0.8727272727272728,False,0
168,V2_TOPIC_METHOD,NO_WEB,2,ISSP 2003 - National Identity II,,,logs\query_168_NO_WEB.json,ZA5517,0.8571428571428571,False,0
168,V2_TOPIC_METHOD,NO_WEB,3,ISSP 2013 - National Identity III,,,logs\query_168_NO_WEB.json,ZA5517,1.0,False,0
168,V2_TOPIC_METHOD,NO_WEB,4,ISSP 2014 - Citizenship,,,logs\query_168_NO_WEB.json,,0.0,False,0
168,V2_TOPIC_METHOD,NO_WEB,5,Eurobarometer 64.1 - Attitudes towards Immigration,,,logs\query_168_NO_WEB.json,,0.0,False,0
168,V2_TOPIC_METHOD,NO_WEB,6,Eurobarometer Trend File 1970-2002,,,logs\query_168_NO_WEB.json,,0.0,False,0
168,V2_TOPIC_METHOD,NO_WEB,7,European Values Study 2017 - Integrated Dataset,,,logs\query_168_NO_WEB.json,,0.0,False,0
168,V2_TOPIC_METHOD,NO_WEB,8,ALLBUS 2018 - German General Social Survey,,,logs\query_168_NO_WEB.json,ZA5273,0.923076923076923,False,1
168,V2_TOPIC_METHOD,NO_WEB,9,ALLBUS Cumulation 1980-2018,,,logs\query_168_NO_WEB.json,,0.0,False,0
168,V2_TOPIC_METHOD,NO_WEB,10,Eurobarometer 47.2 - Foreign Relations and Security,,,logs\query_168_NO_WEB.json,ZA2937,0.7058823529411765,False,1
172,V3_TOPIC_COUNTRY,NO_WEB,1,German Longitudinal Election Study (GLES) 2021: Rolling Cross-Section Campaign Survey,,,logs\query_172_NO_WEB.json,,0.0,False,0
172,V3_TOPIC_COUNTRY,NO_WEB,2,German Longitudinal Election Study (GLES) 2021: Post-Election Cross-Section,,,logs\query_172_NO_WEB.json,,0.0,False,0
172,V3_TOPIC_COUNTRY,NO_WEB,3,German Longitudinal Election Study (GLES) 2017: Rolling Cross-Section Campaign Survey,,,logs\query_172_NO_WEB.json,,0.0,False,0
172,V3_TOPIC_COUNTRY,NO_WEB,4,German Longitudinal Election Study (GLES) 2017: Candidate Study (Bundestag Candidates),,,logs\query_172_NO_WEB.json,,0.0,False,0
172,V3_TOPIC_COUNTRY,NO_WEB,5,German Longitudinal Election Study (GLES) 2013: Pre-Election Cross-Section,,,logs\query_172_NO_WEB.json,,0.0,False,0
172,V3_TOPIC_COUNTRY,NO_WEB,6,German Longitudinal Election Study (GLES) 2009: Rolling Cross-Section Campaign Survey,,,logs\query_172_NO_WEB.json,,0.0,False,0
172,V3_TOPIC_COUNTRY,NO_WEB,7,Politbarometer (Germany) Cumulative Trend Dataset,,,logs\query_172_NO_WEB.json,,0.0,False,0
172,V3_TOPIC_COUNTRY,NO_WEB,8,ALLBUS (German General Social Survey) 2018,,,logs\query_172_NO_WEB.json,ZA5273,0.7472527472527473,False,1
172,V3_TOPIC_COUNTRY,NO_WEB,9,European Social Survey (ESS) Round 10 (2020) - Germany,,,logs\query_172_NO_WEB.json,,0.0,False,0
172,V3_TOPIC_COUNTRY,NO_WEB,10,German Longitudinal Election Study (GLES) 2014: European Parliament Election Study - Germany,,,logs\query_172_NO_WEB.json,,0.0,False,0
180,V3_TOPIC_COUNTRY,NO_WEB,1,ALLBUS - German General Social Survey,,,logs\query_180_NO_WEB.json,ZA5273,0.8955223880597015,False,1
180,V3_TOPIC_COUNTRY,NO_WEB,2,German Longitudinal Election Study (GLES),,,logs\query_180_NO_WEB.json,,0.0,False,0
180,V3_TOPIC_COUNTRY,NO_WEB,3,Politbarometer (Germany),,,logs\query_180_NO_WEB.json,ZA1922,0.7777777777777777,False,0
180,V3_TOPIC_COUNTRY,NO_WEB,4,European Values Study (EVS) - Germany,,,logs\query_180_NO_WEB.json,ZA3777,0.7666666666666667,False,1
180,V3_TOPIC_COUNTRY,NO_WEB,5,International Social Survey Programme (ISSP) - Germany,,,logs\query_180_NO_WEB.json,ZA5520,0.7313432835820897,False,0
180,V3_TOPIC_COUNTRY,NO_WEB,6,Eurobarometer - Germany,,,logs\query_180_NO_WEB.json,ZA2146,0.7222222222222223,False,0
180,V3_TOPIC_COUNTRY,NO_WEB,7,German Bundestag Election Studies (Post-Election Surveys),,,logs\query_180_NO_WEB.json,,0.0,False,0
180,V3_TOPIC_COUNTRY,NO_WEB,8,GLES Rolling Cross-Section (Germany),,,logs\query_180_NO_WEB.json,,0.0,False,0
180,V3_TOPIC_COUNTRY,NO_WEB,9,ISSP Module: Social Inequality – Germany,,,logs\query_180_NO_WEB.json,,0.0,False,0
180,V3_TOPIC_COUNTRY,NO_WEB,10,ISSP Module: Role of Government – Germany,,,logs\query_180_NO_WEB.json,,0.0,False,0
186,V3_TOPIC_COUNTRY,NO_WEB,1,ALLBUS - German General Social Survey 2018,,,logs\query_186_NO_WEB.json,ZA5273,0.923076923076923,False,1
186,V3_TOPIC_COUNTRY,NO_WEB,2,ALLBUS - German General Social Survey 2014,,,logs\query_186_NO_WEB.json,ZA5273,0.901098901098901,False,1
186,V3_TOPIC_COUNTRY,NO_WEB,3,ISSP 2015 - Work Orientations V,,,logs\query_186_NO_WEB.json,ZA5520,0.9666666666666667,False,0
186,V3_TOPIC_COUNTRY,NO_WEB,4,ISSP 2005 - Work Orientations III,,,logs\query_186_NO_WEB.json,ZA5520,0.8421052631578948,False,0
186,V3_TOPIC_COUNTRY,NO_WEB,5,BIBB/BAuA Employment Survey 2018 (Erwerbstätigenbefragung 2018),,,logs\query_186_NO_WEB.json,,0.0,False,0
186,V3_TOPIC_COUNTRY,NO_WEB,6,BIBB/BAuA Employment Survey 2012 (Erwerbstätigenbefragung 2012),,,logs\query_186_NO_WEB.json,,0.0,False,0
186,V3_TOPIC_COUNTRY,NO_WEB,7,GESIS Panel (Germany) - Core Study,,,logs\query_186_NO_WEB.json,,0.0,False,0
186,V3_TOPIC_COUNTRY,NO_WEB,8,pairfam - The German Family Panel,,,logs\query_186_NO_WEB.json,,0.0,False,0
186,V3_TOPIC_COUNTRY,NO_WEB,9,AID:A II 2014/2015 - Aufwachsen in Deutschland: Alltagswelten,,,logs\query_186_NO_WEB.json,,0.0,False,0
186,V3_TOPIC_COUNTRY,NO_WEB,10,S-MGA 2011/12 - Study on Mental Health at Work,,,logs\query_186_NO_WEB.json,,0.0,False,0
187,V3_TOPIC_COUNTRY,NO_WEB,1,German Longitudinal Election Study (GLES) 2021: Post-Election Cross-Section,,,logs\query_187_NO_WEB.json,,0.0,False,0
187,V3_TOPIC_COUNTRY,NO_WEB,2,German Longitudinal Election Study (GLES) 2017: Post-Election Cross-Section,,,logs\query_187_NO_WEB.json,,0.0,False,0
187,V3_TOPIC_COUNTRY,NO_WEB,3,German Longitudinal Election Study (GLES) 2013: Post-Election Cross-Section,,,logs\query_187_NO_WEB.json,,0.0,False,0
187,V3_TOPIC_COUNTRY,NO_WEB,4,German Longitudinal Election Study (GLES) 2009: Post-Election Cross-Section,,,logs\query_187_NO_WEB.json,,0.0,False,0
187,V3_TOPIC_COUNTRY,NO_WEB,5,ALLBUS (German General Social Survey) 2018,,,logs\query_187_NO_WEB.json,ZA5273,0.7472527472527473,False,1
187,V3_TOPIC_COUNTRY,NO_WEB,6,ALLBUS (German General Social Survey) 2014,,,logs\query_187_NO_WEB.json,ZA5273,0.7252747252747253,False,1
187,V3_TOPIC_COUNTRY,NO_WEB,7,ISSP 2017 Role of Government V – Germany,,,logs\query_187_NO_WEB.json,,0.0,False,0
187,V3_TOPIC_COUNTRY,NO_WEB,8,ISSP 2013 National Identity III – Germany,,,logs\query_187_NO_WEB.json,ZA5517,0.8611111111111112,False,0
187,V3_TOPIC_COUNTRY,NO_WEB,9,Politbarometer (Germany) – Cumulated Microdata,,,logs\query_187_NO_WEB.json,,0.0,False,0
187,V3_TOPIC_COUNTRY,NO_WEB,10,European Values Study (EVS) 2017 – Germany,,,logs\query_187_NO_WEB.json,,0.0,False,0
194,V3_TOPIC_COUNTRY,NO_WEB,1,ALLBUS 2018 – German General Social Survey,,,logs\query_194_NO_WEB.json,ZA5273,0.88,False,1
194,V3_TOPIC_COUNTRY,NO_WEB,2,ALLBUS 2016 – German General Social Survey,,,logs\query_194_NO_WEB.json,ZA5273,0.8571428571428571,False,1
194,V3_TOPIC_COUNTRY,NO_WEB,3,ALLBUS 2014 – German General Social Survey,,,logs\query_194_NO_WEB.json,ZA5273,0.8571428571428571,False,1
194,V3_TOPIC_COUNTRY,NO_WEB,4,ISSP 2011 – Health and Health Care: Germany,,,logs\query_194_NO_WEB.json,,0.0,False,0
194,V3_TOPIC_COUNTRY,NO_WEB,5,ISSP 2016 – Role of Government V: Germany,,,logs\query_194_NO_WEB.json,,0.0,False,0
194,V3_TOPIC_COUNTRY,NO_WEB,6,ISSP 2015 – Work Orientations IV: Germany,,,logs\query_194_NO_WEB.json,ZA5520,0.7941176470588235,False,0
194,V3_TOPIC_COUNTRY,NO_WEB,7,GLES 2017 – German Longitudinal Election Study: Post-Election Cross-Section,,,logs\query_194_NO_WEB.json,,0.0,False,0
194,V3_TOPIC_COUNTRY,NO_WEB,8,GLES 2021 – German Longitudinal Election Study: Post-Election Cross-Section,,,logs\query_194_NO_WEB.json,,0.0,False,0
194,V3_TOPIC_COUNTRY,NO_WEB,9,Politbarometer – Trend Surveys (Germany),,,logs\query_194_NO_WEB.json,,0.0,False,0
194,V3_TOPIC_COUNTRY,NO_WEB,10,GESIS Panel – Longitudinal Study (Germany),,,logs\query_194_NO_WEB.json,,0.0,False,0
209,V3_TOPIC_COUNTRY,NO_WEB,1,Comparative Study of Electoral Systems (CSES) Module 1 (1996–2001) – includes Czech Republic,,,logs\query_209_NO_WEB.json,,0.0,False,0
209,V3_TOPIC_COUNTRY,NO_WEB,2,Comparative Study of Electoral Systems (CSES) Module 2 (2001–2006) – includes Czech Republic,,,logs\query_209_NO_WEB.json,,0.0,False,0
209,V3_TOPIC_COUNTRY,NO_WEB,3,Comparative Study of Electoral Systems (CSES) Module 3 (2006–2011) – includes Czech Republic,,,logs\query_209_NO_WEB.json,,0.0,False,0
209,V3_TOPIC_COUNTRY,NO_WEB,4,Comparative Study of Electoral Systems (CSES) Module 4 (2011–2016) – includes Czech Republic,,,logs\query_209_NO_WEB.json,,0.0,False,0
209,V3_TOPIC_COUNTRY,NO_WEB,5,Comparative Study of Electoral Systems (CSES) Module 5 (2016–2021) – includes Czech Republic,,,logs\query_209_NO_WEB.json,,0.0,False,0
209,V3_TOPIC_COUNTRY,NO_WEB,6,European Values Study (EVS) 1999 Integrated Dataset – includes Czech Republic,,,logs\query_209_NO_WEB.json,ZA3777,0.7222222222222223,False,1
209,V3_TOPIC_COUNTRY,NO_WEB,7,European Values Study (EVS) 2008 Integrated Dataset – includes Czech Republic,,,logs\query_209_NO_WEB.json,,0.0,False,0
209,V3_TOPIC_COUNTRY,NO_WEB,8,European Values Study (EVS) 2017 Integrated Dataset – includes Czech Republic,,,logs\query_209_NO_WEB.json,,0.0,False,0
209,V3_TOPIC_COUNTRY,NO_WEB,9,European Election Study 2004 Voter Study – Czech Republic,,,logs\query_209_NO_WEB.json,,0.0,False,0
209,V3_TOPIC_COUNTRY,NO_WEB,10,European Election Study 2009 Voter Study – Czech Republic,,,logs\query_209_NO_WEB.json,,0.0,False,0
211,V3_TOPIC_COUNTRY,NO_WEB,1,German General Social Survey (ALLBUS),,,logs\query_211_NO_WEB.json,ZA5273,0.8615384615384616,False,1
211,V3_TOPIC_COUNTRY,NO_WEB,2,German Longitudinal Election Study (GLES),,,logs\query_211_NO_WEB.json,,0.0,False,0
211,V3_TOPIC_COUNTRY,NO_WEB,3,Eurobarometer (Germany) – GESIS Eurobarometer Data Service,,,logs\query_211_NO_WEB.json,,0.0,False,0
211,V3_TOPIC_COUNTRY,NO_WEB,4,International Social Survey Programme (ISSP) – Role of Government (includes Germany),,,logs\query_211_NO_WEB.json,,0.0,False,0
216,V3_TOPIC_COUNTRY,NO_WEB,1,ALLBUS - German General Social Survey (Cumulated File),,,logs\query_216_NO_WEB.json,ZA5273,0.759493670886076,False,1
216,V3_TOPIC_COUNTRY,NO_WEB,2,German Longitudinal Election Study (GLES) 2021 Post-Election Cross-Section,,,logs\query_216_NO_WEB.json,,0.0,False,0
216,V3_TOPIC_COUNTRY,NO_WEB,3,German Longitudinal Election Study (GLES) 2017 Rolling Cross-Section,,,logs\query_216_NO_WEB.json,,0.0,False,0
216,V3_TOPIC_COUNTRY,NO_WEB,4,Politbarometer (Germany) Cumulation,,,logs\query_216_NO_WEB.json,,0.0,False,0
216,V3_TOPIC_COUNTRY,NO_WEB,5,ISSP 2019 Social Inequality (Germany),,,logs\query_216_NO_WEB.json,,0.0,False,0
216,V3_TOPIC_COUNTRY,NO_WEB,6,ISSP 2018 Religion (Germany),,,logs\query_216_NO_WEB.json,,0.0,False,0
216,V3_TOPIC_COUNTRY,NO_WEB,7,ISSP 2013 National Identity (Germany),,,logs\query_216_NO_WEB.json,ZA5517,0.84375,False,1
216,V3_TOPIC_COUNTRY,NO_WEB,8,GESIS Panel (Germany),,,logs\query_216_NO_WEB.json,,0.0,False,0
216,V3_TOPIC_COUNTRY,NO_WEB,9,German Internet Panel (GIP),,,logs\query_216_NO_WEB.json,ZA7759,0.7142857142857143,False,1
216,V3_TOPIC_COUNTRY,NO_WEB,10,ISSP 2016 Role of Government (Germany),,,logs\query_216_NO_WEB.json,,0.0,False,0
217,V3_TOPIC_COUNTRY,WEB_SEARCH,1,Youth Sexuality Study (Jugendsexualität) 2019,,,logs\query_217_WEB_SEARCH.json,,0.0,False,0
217,V3_TOPIC_COUNTRY,WEB_SEARCH,2,Family and Fertility (Familien und Fertilität) 2000,,,logs\query_217_WEB_SEARCH.json,,0.0,False,0
217,V3_TOPIC_COUNTRY,WEB_SEARCH,3,German Family Panel (Pairfam) – Waves 1–12,,,logs\query_217_WEB_SEARCH.json,,0.0,False,0
217,V3_TOPIC_COUNTRY,WEB_SEARCH,4,Federal Health Survey 1998 – Module: Women’s Health,,,logs\query_217_WEB_SEARCH.json,missy-mz-1998,0.7272727272727272,False,0
217,V3_TOPIC_COUNTRY,WEB_SEARCH,5,"Generations and Gender Survey (GGS) – Germany, Wave 1",,,logs\query_217_WEB_SEARCH.json,,0.0,False,0
217,V3_TOPIC_COUNTRY,WEB_SEARCH,6,German General Social Survey (ALLBUS) – 2018: Family and Children,,,logs\query_217_WEB_SEARCH.json,ZA5273,0.7272727272727272,False,1
217,V3_TOPIC_COUNTRY,WEB_SEARCH,7,EUROBAROMETER 83.4 (2015) – Sexual and Reproductive Health,,,logs\query_217_WEB_SEARCH.json,,0.0,False,0
217,V3_TOPIC_COUNTRY,WEB_SEARCH,8,Panel Study Labour Market and Social Security (PASS) – Health Modules,,,logs\query_217_WEB_SEARCH.json,,0.0,False,0
217,V3_TOPIC_COUNTRY,WEB_SEARCH,9,SOEP-Core – Family and Fertility Modules (Germany),,,logs\query_217_WEB_SEARCH.json,,0.0,False,0
217,V3_TOPIC_COUNTRY,WEB_SEARCH,10,German Microcensus – Births and Family Planning Supplement,,,logs\query_217_WEB_SEARCH.json,,0.0,False,0
227,V3_TOPIC_COUNTRY,NO_WEB,1,ALLBUS - German General Social Survey 2010,,,logs\query_227_NO_WEB.json,ZA5273,0.901098901098901,False,1
227,V3_TOPIC_COUNTRY,NO_WEB,2,ALLBUS - German General Social Survey 2014,,,logs\query_227_NO_WEB.json,ZA5273,0.901098901098901,False,1
227,V3_TOPIC_COUNTRY,NO_WEB,3,ALLBUS - German General Social Survey 2018,,,logs\query_227_NO_WEB.json,ZA5273,0.923076923076923,False,1
227,V3_TOPIC_COUNTRY,NO_WEB,4,ALLBUS - German General Social Survey 2021,,,logs\query_227_NO_WEB.json,ZA5273,0.901098901098901,False,1
227,V3_TOPIC_COUNTRY,NO_WEB,5,ISSP 1993 - Environment I: Germany,,,logs\query_227_NO_WEB.json,,0.0,False,0
227,V3_TOPIC_COUNTRY,NO_WEB,6,ISSP 2000 - Environment II: Germany,,,logs\query_227_NO_WEB.json,,0.0,False,0
227,V3_TOPIC_COUNTRY,NO_WEB,7,ISSP 2010 - Environment III: Germany,,,logs\query_227_NO_WEB.json,,0.0,False,0
227,V3_TOPIC_COUNTRY,NO_WEB,8,ISSP 2017 - Environment IV: Germany,,,logs\query_227_NO_WEB.json,,0.0,False,0
227,V3_TOPIC_COUNTRY,NO_WEB,9,European Values Study (EVS) 2008 - Germany,,,logs\query_227_NO_WEB.json,ZA3777,0.7076923076923077,False,1
227,V3_TOPIC_COUNTRY,NO_WEB,10,European Values Study (EVS) 2017 - Germany,,,logs\query_227_NO_WEB.json,ZA3777,0.7076923076923077,False,1
229,V3_TOPIC_COUNTRY,NO_WEB,1,BIBB/BAuA Employment Survey 2018 (Erwerbstätigenbefragung),,,logs\query_229_NO_WEB.json,,0.0,False,0
229,V3_TOPIC_COUNTRY,NO_WEB,2,BIBB/BAuA Employment Survey 2012 (Erwerbstätigenbefragung),,,logs\query_229_NO_WEB.json,,0.0,False,0
229,V3_TOPIC_COUNTRY,NO_WEB,3,BIBB/BAuA Employment Survey 2006 (Erwerbstätigenbefragung),,,logs\query_229_NO_WEB.json,,0.0,False,0
229,V3_TOPIC_COUNTRY,NO_WEB,4,ISSP 2011 - Health and Health Care,,,logs\query_229_NO_WEB.json,,0.0,False,0
229,V3_TOPIC_COUNTRY,NO_WEB,5,Gesundheitsmonitor 2013 (Bertelsmann Stiftung),,,logs\query_229_NO_WEB.json,,0.0,False,0
229,V3_TOPIC_COUNTRY,NO_WEB,6,Gesundheitsmonitor 2010 (Bertelsmann Stiftung),,,logs\query_229_NO_WEB.json,,0.0,False,0
229,V3_TOPIC_COUNTRY,NO_WEB,7,ARD/ZDF-Langzeitstudie Massenkommunikation 2015,,,logs\query_229_NO_WEB.json,,0.0,False,0
229,V3_TOPIC_COUNTRY,NO_WEB,8,ARD/ZDF-Langzeitstudie Massenkommunikation 2010,,,logs\query_229_NO_WEB.json,,0.0,False,0
230,V3_TOPIC_COUNTRY,NO_WEB,1,German General Social Survey (ALLBUS) 2021,,,logs\query_230_NO_WEB.json,ZA5273,0.8,False,1
230,V3_TOPIC_COUNTRY,NO_WEB,2,German General Social Survey (ALLBUS) 2018,,,logs\query_230_NO_WEB.json,ZA5273,0.88,False,1
230,V3_TOPIC_COUNTRY,NO_WEB,3,German General Social Survey (ALLBUS) 2016,,,logs\query_230_NO_WEB.json,ZA5273,0.8,False,1
230,V3_TOPIC_COUNTRY,NO_WEB,4,European Values Study 2017 – Germany,,,logs\query_230_NO_WEB.json,ZA3777,0.736842105263158,False,1
230,V3_TOPIC_COUNTRY,NO_WEB,5,German Longitudinal Election Study (GLES) 2017: Post-Election Cross-Section,,,logs\query_230_NO_WEB.json,,0.0,False,0
230,V3_TOPIC_COUNTRY,NO_WEB,6,German Longitudinal Election Study (GLES) 2021: Post-Election Cross-Section,,,logs\query_230_NO_WEB.json,,0.0,False,0
230,V3_TOPIC_COUNTRY,NO_WEB,7,Politbarometer 2017,,,logs\query_230_NO_WEB.json,ZA2546,0.8484848484848484,False,1
230,V3_TOPIC_COUNTRY,NO_WEB,8,Politbarometer 2021,,,logs\query_230_NO_WEB.json,ZA2546,0.8484848484848484,False,1
230,V3_TOPIC_COUNTRY,NO_WEB,9,ISSP 2016 – Role of Government: Germany,,,logs\query_230_NO_WEB.json,,0.0,False,0
230,V3_TOPIC_COUNTRY,NO_WEB,10,ISSP 2014 – Citizenship: Germany,,,logs\query_230_NO_WEB.json,,0.0,False,0
239,V3_TOPIC_COUNTRY,NO_WEB,1,ISSP 2012 – Family and Changing Gender Roles IV,,,logs\query_239_NO_WEB.json,,0.0,False,0
239,V3_TOPIC_COUNTRY,NO_WEB,2,ISSP 2002 – Family and Changing Gender Roles III,,,logs\query_239_NO_WEB.json,,0.0,False,0
239,V3_TOPIC_COUNTRY,NO_WEB,3,ISSP 1994 – Family and Changing Gender Roles II,,,logs\query_239_NO_WEB.json,,0.0,False,0
239,V3_TOPIC_COUNTRY,NO_WEB,4,ISSP 1988 – Family and Changing Gender Roles I,,,logs\query_239_NO_WEB.json,,0.0,False,0
239,V3_TOPIC_COUNTRY,NO_WEB,5,ISSP 2019 – Social Inequality V,,,logs\query_239_NO_WEB.json,,0.0,False,0
239,V3_TOPIC_COUNTRY,NO_WEB,6,ISSP 2009 – Social Inequality IV,,,logs\query_239_NO_WEB.json,,0.0,False,0
239,V3_TOPIC_COUNTRY,NO_WEB,7,ISSP 1999 – Social Inequality III,,,logs\query_239_NO_WEB.json,,0.0,False,0
239,V3_TOPIC_COUNTRY,NO_WEB,8,ISSP 1992 – Social Inequality II,,,logs\query_239_NO_WEB.json,,0.0,False,0
239,V3_TOPIC_COUNTRY,NO_WEB,9,ISSP 1987 – Social Inequality I,,,logs\query_239_NO_WEB.json,,0.0,False,0
241,V3_TOPIC_COUNTRY,NO_WEB,1,Standard Eurobarometer 89 (Spring 2018),,,logs\query_241_NO_WEB.json,,0.0,False,0
241,V3_TOPIC_COUNTRY,NO_WEB,2,Standard Eurobarometer 88 (Autumn 2017),,,logs\query_241_NO_WEB.json,,0.0,False,0
241,V3_TOPIC_COUNTRY,NO_WEB,3,Standard Eurobarometer 87 (Spring 2017),,,logs\query_241_NO_WEB.json,,0.0,False,0
241,V3_TOPIC_COUNTRY,NO_WEB,4,Standard Eurobarometer 86 (Autumn 2016),,,logs\query_241_NO_WEB.json,,0.0,False,0
241,V3_TOPIC_COUNTRY,NO_WEB,5,Standard Eurobarometer 85 (Spring 2016),,,logs\query_241_NO_WEB.json,,0.0,False,0
241,V3_TOPIC_COUNTRY,NO_WEB,6,Standard Eurobarometer 84 (Autumn 2015),,,logs\query_241_NO_WEB.json,,0.0,False,0
241,V3_TOPIC_COUNTRY,NO_WEB,7,Standard Eurobarometer 83 (Spring 2015),,,logs\query_241_NO_WEB.json,,0.0,False,0
241,V3_TOPIC_COUNTRY,NO_WEB,8,Standard Eurobarometer 82 (Autumn 2014),,,logs\query_241_NO_WEB.json,,0.0,False,0
241,V3_TOPIC_COUNTRY,NO_WEB,9,Standard Eurobarometer 81 (Spring 2014),,,logs\query_241_NO_WEB.json,,0.0,False,0
241,V3_TOPIC_COUNTRY,NO_WEB,10,Standard Eurobarometer 80 (Autumn 2013),,,logs\query_241_NO_WEB.json,,0.0,False,0
242,V3_TOPIC_COUNTRY,NO_WEB,1,German Longitudinal Election Study (GLES) 2021: Post-Election Cross-Section,,,logs\query_242_NO_WEB.json,,0.0,False,0
242,V3_TOPIC_COUNTRY,NO_WEB,2,German Longitudinal Election Study (GLES) 2017: Post-Election Cross-Section,,,logs\query_242_NO_WEB.json,,0.0,False,0
242,V3_TOPIC_COUNTRY,NO_WEB,3,German Longitudinal Election Study (GLES) 2013: Rolling Cross-Section Campaign Study,,,logs\query_242_NO_WEB.json,,0.0,False,0
242,V3_TOPIC_COUNTRY,NO_WEB,4,German Longitudinal Election Study (GLES) 2009: Campaign Panel,,,logs\query_242_NO_WEB.json,,0.0,False,0
242,V3_TOPIC_COUNTRY,NO_WEB,5,GLES 2017: Candidate Study,,,logs\query_242_NO_WEB.json,,0.0,False,0
242,V3_TOPIC_COUNTRY,NO_WEB,6,Politbarometer Trend (Germany),,,logs\query_242_NO_WEB.json,ZA1922,0.7,False,0
242,V3_TOPIC_COUNTRY,NO_WEB,7,ALLBUS – German General Social Survey: Cumulated 1980–2021,,,logs\query_242_NO_WEB.json,ZA5273,0.7850467289719626,False,1
242,V3_TOPIC_COUNTRY,NO_WEB,8,ISSP 2016: Role of Government V – Germany,,,logs\query_242_NO_WEB.json,,0.0,False,0
242,V3_TOPIC_COUNTRY,NO_WEB,9,ISSP 2019: Social Inequality V – Germany,,,logs\query_242_NO_WEB.json,,0.0,False,0
242,V3_TOPIC_COUNTRY,NO_WEB,10,German Longitudinal Election Study (GLES) 2013: Post-Election Cross-Section,,,logs\query_242_NO_WEB.json,,0.0,False,0
245,V3_TOPIC_COUNTRY,NO_WEB,1,ALLBUS 2018 (German General Social Survey),,,logs\query_245_NO_WEB.json,ZA5273,0.7472527472527473,False,1
245,V3_TOPIC_COUNTRY,NO_WEB,2,ALLBUS 2014 (German General Social Survey),,,logs\query_245_NO_WEB.json,ZA5273,0.7252747252747253,False,1
245,V3_TOPIC_COUNTRY,NO_WEB,3,ALLBUS 2012 (German General Social Survey),,,logs\query_245_NO_WEB.json,ZA5273,0.7252747252747253,False,1
245,V3_TOPIC_COUNTRY,NO_WEB,4,ALLBUS 2008 (German General Social Survey),,,logs\query_245_NO_WEB.json,ZA5273,0.7252747252747253,False,1
245,V3_TOPIC_COUNTRY,NO_WEB,5,European Social Survey Round 10 – Germany,,,logs\query_245_NO_WEB.json,,0.0,False,0
245,V3_TOPIC_COUNTRY,NO_WEB,6,European Social Survey Round 5 – Germany,,,logs\query_245_NO_WEB.json,,0.0,False,0
245,V3_TOPIC_COUNTRY,NO_WEB,7,European Values Study 2017 – Germany,,,logs\query_245_NO_WEB.json,ZA3777,0.736842105263158,False,0
245,V3_TOPIC_COUNTRY,NO_WEB,8,European Values Study 2008 – Germany,,,logs\query_245_NO_WEB.json,ZA3777,0.736842105263158,False,0
246,V3_TOPIC_COUNTRY,NO_WEB,1,ISSP 1995 - National Identity I,,,logs\query_246_NO_WEB.json,ZA5517,0.8727272727272728,False,0
246,V3_TOPIC_COUNTRY,NO_WEB,2,ISSP 2003 - National Identity II,,,logs\query_246_NO_WEB.json,ZA5517,0.8571428571428571,False,0
246,V3_TOPIC_COUNTRY,NO_WEB,3,ISSP 2013 - National Identity III,,,logs\query_246_NO_WEB.json,ZA5517,1.0,False,0
246,V3_TOPIC_COUNTRY,NO_WEB,4,European Values Study 1999 (EVS) - Integrated Dataset,,,logs\query_246_NO_WEB.json,ZA3777,0.7567567567567568,False,0
246,V3_TOPIC_COUNTRY,NO_WEB,5,European Values Study 2008 (EVS) - Integrated Dataset,,,logs\query_246_NO_WEB.json,,0.0,False,0
246,V3_TOPIC_COUNTRY,NO_WEB,6,European Values Study 2017 (EVS) - Integrated Dataset,,,logs\query_246_NO_WEB.json,,0.0,False,0
251,V3_TOPIC_COUNTRY,NO_WEB,1,"GESIS Panel – Special Survey on the Coronavirus SARS-CoV-2 Outbreak (April 2020, Germany)",,,logs\query_251_NO_WEB.json,,0.0,False,0
251,V3_TOPIC_COUNTRY,NO_WEB,2,"GESIS Panel – Special Survey on the Coronavirus SARS-CoV-2 Outbreak (May 2020, Germany)",,,logs\query_251_NO_WEB.json,,0.0,False,0
251,V3_TOPIC_COUNTRY,NO_WEB,3,"GESIS Panel – Special Survey on the Coronavirus SARS-CoV-2 Outbreak (June 2020, Germany)",,,logs\query_251_NO_WEB.json,,0.0,False,0
251,V3_TOPIC_COUNTRY,NO_WEB,4,ALLBUS 2021 – German General Social Survey (Germany),,,logs\query_251_NO_WEB.json,ZA5273,0.7920792079207921,False,1
253,V3_TOPIC_COUNTRY,NO_WEB,1,ALLBUS – German General Social Survey 2018,,,logs\query_253_NO_WEB.json,ZA5273,0.88,False,1
253,V3_TOPIC_COUNTRY,NO_WEB,2,ALLBUS – German General Social Survey 2014,,,logs\query_253_NO_WEB.json,ZA5273,0.8571428571428571,False,1
253,V3_TOPIC_COUNTRY,NO_WEB,3,ALLBUS – German General Social Survey 2010,,,logs\query_253_NO_WEB.json,ZA5273,0.8571428571428571,False,1
253,V3_TOPIC_COUNTRY,NO_WEB,4,ALLBUS – German General Social Survey (Cumulation),,,logs\query_253_NO_WEB.json,ZA5273,0.7272727272727272,False,1
253,V3_TOPIC_COUNTRY,NO_WEB,5,GLES – German Longitudinal Election Study 2009: Post-election Cross-Section,,,logs\query_253_NO_WEB.json,,0.0,False,0
253,V3_TOPIC_COUNTRY,NO_WEB,6,GLES – German Longitudinal Election Study 2013: Post-election Cross-Section,,,logs\query_253_NO_WEB.json,,0.0,False,0
253,V3_TOPIC_COUNTRY,NO_WEB,7,GLES – German Longitudinal Election Study 2017: Post-election Cross-Section,,,logs\query_253_NO_WEB.json,,0.0,False,0
253,V3_TOPIC_COUNTRY,NO_WEB,8,GLES – German Longitudinal Election Study 2021: Post-election Cross-Section,,,logs\query_253_NO_WEB.json,,0.0,False,0
253,V3_TOPIC_COUNTRY,NO_WEB,9,GLES – German Longitudinal Election Study 2009: Rolling Campaign Survey,,,logs\query_253_NO_WEB.json,,0.0,False,0
253,V3_TOPIC_COUNTRY,NO_WEB,10,Politbarometer (Germany) – Time Series,,,logs\query_253_NO_WEB.json,,0.0,False,0
255,V4_TOPIC_UNIVERSE,NO_WEB,1,ALLBUS – German General Social Survey (Cumulated 1980–2018),,,logs\query_255_NO_WEB.json,ZA5273,0.7592592592592592,False,1
255,V4_TOPIC_UNIVERSE,NO_WEB,2,European Values Study (EVS) – Integrated Dataset 1981–2017,,,logs\query_255_NO_WEB.json,,0.0,False,0
255,V4_TOPIC_UNIVERSE,NO_WEB,3,World Values Survey (WVS) – Cross-National Time-Series (Waves 1–7),,,logs\query_255_NO_WEB.json,,0.0,False,0
255,V4_TOPIC_UNIVERSE,NO_WEB,4,ISSP – Religion (Cumulation 1991–2018),,,logs\query_255_NO_WEB.json,,0.0,False,0
255,V4_TOPIC_UNIVERSE,NO_WEB,5,ISSP – Social Inequality (Cumulation 1987–2019),,,logs\query_255_NO_WEB.json,,0.0,False,0
255,V4_TOPIC_UNIVERSE,NO_WEB,6,ISSP – Role of Government (Cumulation 1985–2016),,,logs\query_255_NO_WEB.json,,0.0,False,0
255,V4_TOPIC_UNIVERSE,NO_WEB,7,ISSP – Family and Changing Gender Roles (Cumulation 1984–2014),,,logs\query_255_NO_WEB.json,,0.0,False,0
255,V4_TOPIC_UNIVERSE,NO_WEB,8,ISSP – Citizenship (Cumulation 2004–2014),,,logs\query_255_NO_WEB.json,,0.0,False,0
255,V4_TOPIC_UNIVERSE,NO_WEB,9,GLES – German Longitudinal Election Study: Post-Election Cross-Section 2021,,,logs\query_255_NO_WEB.json,,0.0,False,0
255,V4_TOPIC_UNIVERSE,NO_WEB,10,GLES – German Longitudinal Election Study: Rolling Cross-Section 2017,,,logs\query_255_NO_WEB.json,,0.0,False,0
256,V4_TOPIC_UNIVERSE,NO_WEB,1,German Longitudinal Election Study (GLES),,,logs\query_256_NO_WEB.json,,0.0,False,0
256,V4_TOPIC_UNIVERSE,NO_WEB,2,Politbarometer (Germany) – Time Series,,,logs\query_256_NO_WEB.json,,0.0,False,0
256,V4_TOPIC_UNIVERSE,NO_WEB,3,Eurobarometer – Standard and Special Series,,,logs\query_256_NO_WEB.json,,0.0,False,0
256,V4_TOPIC_UNIVERSE,NO_WEB,4,European Social Survey (ESS),,,logs\query_256_NO_WEB.json,,0.0,False,0
256,V4_TOPIC_UNIVERSE,NO_WEB,5,ALLBUS – German General Social Survey,,,logs\query_256_NO_WEB.json,ZA5273,0.8615384615384616,False,1
256,V4_TOPIC_UNIVERSE,NO_WEB,6,International Social Survey Programme (ISSP) – Role of Government and Citizenship Modules,,,logs\query_256_NO_WEB.json,,0.0,False,0
256,V4_TOPIC_UNIVERSE,NO_WEB,7,Manifesto Project (MRG/CMP/MARPOR) – Manifesto Data,,,logs\query_256_NO_WEB.json,,0.0,False,0
256,V4_TOPIC_UNIVERSE,NO_WEB,8,European Values Study (EVS) – Integrated Dataset,,,logs\query_256_NO_WEB.json,,0.0,False,0
270,V4_TOPIC_UNIVERSE,NO_WEB,1,European Social Survey (ESS) Round 1 (2002) - Germany,,,logs\query_270_NO_WEB.json,,0.0,False,0
270,V4_TOPIC_UNIVERSE,NO_WEB,2,European Social Survey (ESS) Round 2 (2004) - Germany,,,logs\query_270_NO_WEB.json,,0.0,False,0
270,V4_TOPIC_UNIVERSE,NO_WEB,3,European Social Survey (ESS) Round 3 (2006) - Germany,,,logs\query_270_NO_WEB.json,,0.0,False,0
270,V4_TOPIC_UNIVERSE,NO_WEB,4,European Social Survey (ESS) Round 4 (2008) - Germany,,,logs\query_270_NO_WEB.json,,0.0,False,0
270,V4_TOPIC_UNIVERSE,NO_WEB,5,European Social Survey (ESS) Round 5 (2010) - Germany,,,logs\query_270_NO_WEB.json,,0.0,False,0
270,V4_TOPIC_UNIVERSE,NO_WEB,6,European Social Survey (ESS) Round 6 (2012) - Germany,,,logs\query_270_NO_WEB.json,,0.0,False,0
270,V4_TOPIC_UNIVERSE,NO_WEB,7,European Social Survey (ESS) Round 7 (2014) - Germany,,,logs\query_270_NO_WEB.json,,0.0,False,0
270,V4_TOPIC_UNIVERSE,NO_WEB,8,European Social Survey (ESS) Round 8 (2016) - Germany,,,logs\query_270_NO_WEB.json,,0.0,False,0
270,V4_TOPIC_UNIVERSE,NO_WEB,9,European Social Survey (ESS) Round 9 (2018) - Germany,,,logs\query_270_NO_WEB.json,,0.0,False,0
270,V4_TOPIC_UNIVERSE,NO_WEB,10,European Social Survey (ESS) Round 10 (2020/2021) - Germany,,,logs\query_270_NO_WEB.json,,0.0,False,0
275,V4_TOPIC_UNIVERSE,NO_WEB,1,ISSP 2007 - Leisure Time and Sports (Germany),,,logs\query_275_NO_WEB.json,,0.0,False,0
275,V4_TOPIC_UNIVERSE,NO_WEB,2,ISSP 2017 - Social Networks and Social Resources (Germany),,,logs\query_275_NO_WEB.json,,0.0,False,0
275,V4_TOPIC_UNIVERSE,NO_WEB,3,ISSP 2019 - Social Inequality V (Germany),,,logs\query_275_NO_WEB.json,,0.0,False,0
275,V4_TOPIC_UNIVERSE,NO_WEB,4,ALLBUS 2018 - German General Social Survey,,,logs\query_275_NO_WEB.json,ZA5273,0.923076923076923,False,1
275,V4_TOPIC_UNIVERSE,NO_WEB,5,ALLBUS 2014 - German General Social Survey,,,logs\query_275_NO_WEB.json,ZA5273,0.901098901098901,False,1
275,V4_TOPIC_UNIVERSE,NO_WEB,6,European Values Study 2017 - Germany,,,logs\query_275_NO_WEB.json,ZA3777,0.7796610169491526,False,1
275,V4_TOPIC_UNIVERSE,NO_WEB,7,GLES 2017 Post-Election Cross-Section (Germany),,,logs\query_275_NO_WEB.json,,0.0,False,0
275,V4_TOPIC_UNIVERSE,NO_WEB,8,GLES 2021 Cross-Section (Germany),,,logs\query_275_NO_WEB.json,,0.0,False,0
276,V4_TOPIC_UNIVERSE,NO_WEB,1,German Longitudinal Election Study (GLES) 2021: Post-Election Cross-Section,,,logs\query_276_NO_WEB.json,,0.0,False,0
276,V4_TOPIC_UNIVERSE,NO_WEB,2,German Longitudinal Election Study (GLES) 2017: Rolling Cross-Section Campaign Survey,,,logs\query_276_NO_WEB.json,,0.0,False,0
276,V4_TOPIC_UNIVERSE,NO_WEB,3,German Longitudinal Election Study (GLES) 2013: Rolling Cross-Section Campaign Survey,,,logs\query_276_NO_WEB.json,,0.0,False,0
276,V4_TOPIC_UNIVERSE,NO_WEB,4,ALLBUS 2018 (German General Social Survey),,,logs\query_276_NO_WEB.json,ZA5273,0.7472527472527473,False,1
276,V4_TOPIC_UNIVERSE,NO_WEB,5,ALLBUS 2014 (German General Social Survey),,,logs\query_276_NO_WEB.json,ZA5273,0.7252747252747253,False,1
276,V4_TOPIC_UNIVERSE,NO_WEB,6,ISSP 2016 – Role of Government V,,,logs\query_276_NO_WEB.json,,0.0,False,0
276,V4_TOPIC_UNIVERSE,NO_WEB,7,ISSP 2014 – Citizenship II,,,logs\query_276_NO_WEB.json,,0.0,False,0
276,V4_TOPIC_UNIVERSE,NO_WEB,8,Standard Eurobarometer (2018),,,logs\query_276_NO_WEB.json,,0.0,False,0
276,V4_TOPIC_UNIVERSE,NO_WEB,9,Standard Eurobarometer (2020),,,logs\query_276_NO_WEB.json,,0.0,False,0
276,V4_TOPIC_UNIVERSE,NO_WEB,10,Politbarometer 2017 (Germany),,,logs\query_276_NO_WEB.json,ZA1922,0.7457627118644068,False,0
284,V4_TOPIC_UNIVERSE,NO_WEB,1,German Longitudinal Election Study (GLES) Candidate Study 2009,,,logs\query_284_NO_WEB.json,,0.0,False,0
284,V4_TOPIC_UNIVERSE,NO_WEB,2,German Longitudinal Election Study (GLES) Candidate Study 2013,,,logs\query_284_NO_WEB.json,,0.0,False,0
284,V4_TOPIC_UNIVERSE,NO_WEB,3,German Longitudinal Election Study (GLES) Candidate Study 2017,,,logs\query_284_NO_WEB.json,,0.0,False,0
284,V4_TOPIC_UNIVERSE,NO_WEB,4,German Longitudinal Election Study (GLES) Candidate Study 2021,,,logs\query_284_NO_WEB.json,,0.0,False,0
284,V4_TOPIC_UNIVERSE,NO_WEB,5,INTUNE Elites Survey 2007,,,logs\query_284_NO_WEB.json,,0.0,False,0
284,V4_TOPIC_UNIVERSE,NO_WEB,6,INTUNE Elites Survey 2009,,,logs\query_284_NO_WEB.json,,0.0,False,0
284,V4_TOPIC_UNIVERSE,NO_WEB,7,"Worlds of Journalism Study (WJS), Germany 2012–2016",,,logs\query_284_NO_WEB.json,,0.0,False,0
284,V4_TOPIC_UNIVERSE,NO_WEB,8,Journalists in Germany 1993,,,logs\query_284_NO_WEB.json,,0.0,False,0
284,V4_TOPIC_UNIVERSE,NO_WEB,9,Journalists in Germany 2005,,,logs\query_284_NO_WEB.json,,0.0,False,0
302,V4_TOPIC_UNIVERSE,NO_WEB,1,German Family Panel (pairfam),,,logs\query_302_NO_WEB.json,,0.0,False,0
302,V4_TOPIC_UNIVERSE,NO_WEB,2,FReDA – The German Family Demography Panel,,,logs\query_302_NO_WEB.json,,0.0,False,0
302,V4_TOPIC_UNIVERSE,NO_WEB,3,"Generations and Gender Survey (GGS) – Germany, Wave 1",,,logs\query_302_NO_WEB.json,,0.0,False,0
302,V4_TOPIC_UNIVERSE,NO_WEB,4,Fertility and Family Survey (FFS) – Germany,,,logs\query_302_NO_WEB.json,,0.0,False,0
302,V4_TOPIC_UNIVERSE,NO_WEB,5,Population Policy Acceptance Survey (PPAS) – International Microdata,,,logs\query_302_NO_WEB.json,,0.0,False,0
302,V4_TOPIC_UNIVERSE,NO_WEB,6,BZgA: Jugendsexualität 2019,,,logs\query_302_NO_WEB.json,,0.0,False,0
302,V4_TOPIC_UNIVERSE,NO_WEB,7,BZgA: Jugendsexualität 2015,,,logs\query_302_NO_WEB.json,,0.0,False,0
302,V4_TOPIC_UNIVERSE,NO_WEB,8,BZgA: Verhütungsverhalten Erwachsener 2011,,,logs\query_302_NO_WEB.json,,0.0,False,0
302,V4_TOPIC_UNIVERSE,NO_WEB,9,BZgA: Verhütungsverhalten Erwachsener 2018,,,logs\query_302_NO_WEB.json,,0.0,False,0
306,V4_TOPIC_UNIVERSE,NO_WEB,1,ALLBUS/GGSS 2018,,,logs\query_306_NO_WEB.json,,0.0,False,0
306,V4_TOPIC_UNIVERSE,NO_WEB,2,ALLBUS/GGSS 2021,,,logs\query_306_NO_WEB.json,,0.0,False,0
306,V4_TOPIC_UNIVERSE,NO_WEB,3,ISSP 2018: Religion IV – Germany,,,logs\query_306_NO_WEB.json,ZA7630,0.7450980392156863,False,1
306,V4_TOPIC_UNIVERSE,NO_WEB,4,ISSP 2019: Social Inequality V – Germany,,,logs\query_306_NO_WEB.json,,0.0,False,0
306,V4_TOPIC_UNIVERSE,NO_WEB,5,ISSP 2016: Role of Government V – Germany,,,logs\query_306_NO_WEB.json,,0.0,False,0
306,V4_TOPIC_UNIVERSE,NO_WEB,6,ISSP 2017: Social Networks and Social Resources – Germany,,,logs\query_306_NO_WEB.json,,0.0,False,0
306,V4_TOPIC_UNIVERSE,NO_WEB,7,European Values Study 2018 – Germany,,,logs\query_306_NO_WEB.json,ZA3777,0.736842105263158,False,1
306,V4_TOPIC_UNIVERSE,NO_WEB,8,ISSP 2013: National Identity III – Germany,,,logs\query_306_NO_WEB.json,ZA5517,0.7647058823529411,False,1
306,V4_TOPIC_UNIVERSE,NO_WEB,9,"GESIS Panel (Core Study), waves 2018–2019",,,logs\query_306_NO_WEB.json,,0.0,False,0
307,V4_TOPIC_UNIVERSE,NO_WEB,1,"Eurobarometer 73.4: Europe 2020, Social Dialogue, Financial Services",,,logs\query_307_NO_WEB.json,,0.0,False,0
307,V4_TOPIC_UNIVERSE,NO_WEB,2,Eurobarometer 74.1: Economic Crisis and Social Climate,,,logs\query_307_NO_WEB.json,,0.0,False,0
307,V4_TOPIC_UNIVERSE,NO_WEB,3,Eurobarometer 76.4: Europe 2020 and Economic Governance,,,logs\query_307_NO_WEB.json,,0.0,False,0
307,V4_TOPIC_UNIVERSE,NO_WEB,4,"Eurobarometer 78.1: Social Climate, Economy and Employment",,,logs\query_307_NO_WEB.json,,0.0,False,0
307,V4_TOPIC_UNIVERSE,NO_WEB,5,Special Eurobarometer: Development Aid (2011),,,logs\query_307_NO_WEB.json,,0.0,False,0
307,V4_TOPIC_UNIVERSE,NO_WEB,6,Special Eurobarometer: Development Aid (2016),,,logs\query_307_NO_WEB.json,,0.0,False,0
307,V4_TOPIC_UNIVERSE,NO_WEB,7,Special Eurobarometer: Development Aid (2019),,,logs\query_307_NO_WEB.json,,0.0,False,0
307,V4_TOPIC_UNIVERSE,NO_WEB,8,Eurobarometer Trend File (1973–2002),,,logs\query_307_NO_WEB.json,,0.0,False,0
310,V4_TOPIC_UNIVERSE,NO_WEB,1,Eurobarometer (Standard Series),,,logs\query_310_NO_WEB.json,,0.0,False,0
310,V4_TOPIC_UNIVERSE,NO_WEB,2,Flash Eurobarometer (Rapid Surveys),,,logs\query_310_NO_WEB.json,ZA2146,0.7352941176470589,False,1
310,V4_TOPIC_UNIVERSE,NO_WEB,3,Eurobarometer Trend File 1970–2002,,,logs\query_310_NO_WEB.json,,0.0,False,0
310,V4_TOPIC_UNIVERSE,NO_WEB,4,Eurobarometer Trend File 1990–2011,,,logs\query_310_NO_WEB.json,,0.0,False,0
310,V4_TOPIC_UNIVERSE,NO_WEB,5,Candidate Countries Eurobarometer (CCEB),,,logs\query_310_NO_WEB.json,,0.0,False,0
310,V4_TOPIC_UNIVERSE,NO_WEB,6,"ISSP: Role of Government (modules 1985, 1990, 1996, 2006, 2016)",,,logs\query_310_NO_WEB.json,,0.0,False,0
310,V4_TOPIC_UNIVERSE,NO_WEB,7,"ISSP: Citizenship (modules 1994, 2004, 2014)",,,logs\query_310_NO_WEB.json,,0.0,False,0
310,V4_TOPIC_UNIVERSE,NO_WEB,8,"ISSP: National Identity (modules 1995, 2003, 2013)",,,logs\query_310_NO_WEB.json,,0.0,False,0
310,V4_TOPIC_UNIVERSE,NO_WEB,9,European Social Survey (ESS),,,logs\query_310_NO_WEB.json,,0.0,False,0
310,V4_TOPIC_UNIVERSE,NO_WEB,10,Politbarometer (Germany),,,logs\query_310_NO_WEB.json,ZA1922,0.7777777777777777,False,0
320,V4_TOPIC_UNIVERSE,NO_WEB,1,German General Social Survey (ALLBUS) 2018,,,logs\query_320_NO_WEB.json,ZA5273,0.88,False,1
320,V4_TOPIC_UNIVERSE,NO_WEB,2,German General Social Survey (ALLBUS) 2016,,,logs\query_320_NO_WEB.json,ZA5273,0.8,False,1
320,V4_TOPIC_UNIVERSE,NO_WEB,3,German General Social Survey (ALLBUS) 2014,,,logs\query_320_NO_WEB.json,ZA5273,0.8,False,1
320,V4_TOPIC_UNIVERSE,NO_WEB,4,European Values Study (EVS) 2017,,,logs\query_320_NO_WEB.json,ZA3777,0.7924528301886792,False,1
320,V4_TOPIC_UNIVERSE,NO_WEB,5,European Values Study (EVS) 2008,,,logs\query_320_NO_WEB.json,ZA3777,0.7924528301886792,False,1
320,V4_TOPIC_UNIVERSE,NO_WEB,6,International Social Survey Programme (ISSP) 2012: Family and Changing Gender Roles IV,,,logs\query_320_NO_WEB.json,,0.0,False,0
320,V4_TOPIC_UNIVERSE,NO_WEB,7,International Social Survey Programme (ISSP) 2019: Social Inequality VI,,,logs\query_320_NO_WEB.json,,0.0,False,0
320,V4_TOPIC_UNIVERSE,NO_WEB,8,International Social Survey Programme (ISSP) 2017: Religion IV,,,logs\query_320_NO_WEB.json,ZA3680,0.7183098591549296,False,1
330,V4_TOPIC_UNIVERSE,NO_WEB,1,BIBB/BAuA Erwerbstätigenbefragung 2018,,,logs\query_330_NO_WEB.json,,0.0,False,0
330,V4_TOPIC_UNIVERSE,NO_WEB,2,BIBB/BAuA Erwerbstätigenbefragung 2012,,,logs\query_330_NO_WEB.json,,0.0,False,0
330,V4_TOPIC_UNIVERSE,NO_WEB,3,BIBB/BAuA Erwerbstätigenbefragung 2006,,,logs\query_330_NO_WEB.json,,0.0,False,0
330,V4_TOPIC_UNIVERSE,NO_WEB,4,BAuA-Arbeitszeitbefragung 2019,,,logs\query_330_NO_WEB.json,,0.0,False,0
330,V4_TOPIC_UNIVERSE,NO_WEB,5,BAuA-Arbeitszeitbefragung 2017,,,logs\query_330_NO_WEB.json,,0.0,False,0
331,V4_TOPIC_UNIVERSE,NO_WEB,1,"Programme for the International Assessment of Adult Competencies (PIAAC), Germany 2012",,,logs\query_331_NO_WEB.json,,0.0,False,0
331,V4_TOPIC_UNIVERSE,NO_WEB,2,GESIS Panel (Germany),,,logs\query_331_NO_WEB.json,,0.0,False,0
331,V4_TOPIC_UNIVERSE,NO_WEB,3,ALLBUS – German General Social Survey – Cumulation 1980–2018,,,logs\query_331_NO_WEB.json,ZA5273,0.8037383177570093,False,1
331,V4_TOPIC_UNIVERSE,NO_WEB,4,ALLBUS 2018 – German General Social Survey,,,logs\query_331_NO_WEB.json,ZA5273,0.88,False,1
331,V4_TOPIC_UNIVERSE,NO_WEB,5,ISSP 2019 – Social Inequality – Germany,,,logs\query_331_NO_WEB.json,,0.0,False,0
331,V4_TOPIC_UNIVERSE,NO_WEB,6,ISSP 2009 – Social Inequality – Germany,,,logs\query_331_NO_WEB.json,,0.0,False,0
331,V4_TOPIC_UNIVERSE,NO_WEB,7,German Longitudinal Election Study (GLES) 2017 – Cross-Section Pre/Post Election,,,logs\query_331_NO_WEB.json,,0.0,False,0
331,V4_TOPIC_UNIVERSE,NO_WEB,8,German Longitudinal Election Study (GLES) 2021 – Cross-Section Pre/Post Election,,,logs\query_331_NO_WEB.json,,0.0,False,0
331,V4_TOPIC_UNIVERSE,NO_WEB,9,German Longitudinal Election Study (GLES) 2013 – Rolling Cross-Section,,,logs\query_331_NO_WEB.json,,0.0,False,0
336,V4_TOPIC_UNIVERSE,NO_WEB,1,German General Social Survey (ALLBUS) 2018,,,logs\query_336_NO_WEB.json,ZA5273,0.88,False,1
336,V4_TOPIC_UNIVERSE,NO_WEB,2,German General Social Survey (ALLBUS) 2021,,,logs\query_336_NO_WEB.json,ZA5273,0.8,False,1
336,V4_TOPIC_UNIVERSE,NO_WEB,3,German Longitudinal Election Study (GLES) Post-Election Cross-Section 2017,,,logs\query_336_NO_WEB.json,,0.0,False,0
336,V4_TOPIC_UNIVERSE,NO_WEB,4,German Longitudinal Election Study (GLES) Post-Election Cross-Section 2021,,,logs\query_336_NO_WEB.json,,0.0,False,0
336,V4_TOPIC_UNIVERSE,NO_WEB,5,German Longitudinal Election Study (GLES) Rolling Cross-Section Campaign Survey 2017,,,logs\query_336_NO_WEB.json,,0.0,False,0
336,V4_TOPIC_UNIVERSE,NO_WEB,6,ISSP 2016: Role of Government V,,,logs\query_336_NO_WEB.json,,0.0,False,0
336,V4_TOPIC_UNIVERSE,NO_WEB,7,ISSP 2014: Citizenship II,,,logs\query_336_NO_WEB.json,,0.0,False,0
336,V4_TOPIC_UNIVERSE,NO_WEB,8,ISSP 2017: Social Networks and Social Support,,,logs\query_336_NO_WEB.json,ZA3680,0.7540983606557377,False,1
336,V4_TOPIC_UNIVERSE,NO_WEB,9,European Values Study 2017 (EVS) – Integrated Dataset,,,logs\query_336_NO_WEB.json,,0.0,False,0
336,V4_TOPIC_UNIVERSE,NO_WEB,10,European Election Study (EES) 2009 Voter Study,,,logs\query_336_NO_WEB.json,,0.0,False,0
337,V4_TOPIC_UNIVERSE,NO_WEB,1,ALLBUS – German General Social Survey (GSS) 2021,,,logs\query_337_NO_WEB.json,ZA5273,0.8247422680412371,False,1
337,V4_TOPIC_UNIVERSE,NO_WEB,2,ALLBUS – Cumulative 1980–2021,,,logs\query_337_NO_WEB.json,,0.0,False,0
337,V4_TOPIC_UNIVERSE,NO_WEB,3,ISSP 2019 – Social Inequality (Germany),,,logs\query_337_NO_WEB.json,,0.0,False,0
337,V4_TOPIC_UNIVERSE,NO_WEB,4,ISSP 2019 – Family and Changing Gender Roles (Germany),,,logs\query_337_NO_WEB.json,,0.0,False,0
337,V4_TOPIC_UNIVERSE,NO_WEB,5,"Generations and Gender Survey (GGS) – Germany, Wave 1",,,logs\query_337_NO_WEB.json,,0.0,False,0
337,V4_TOPIC_UNIVERSE,NO_WEB,6,European Values Study (EVS) 2017 – Integrated Dataset,,,logs\query_337_NO_WEB.json,,0.0,False,0
337,V4_TOPIC_UNIVERSE,NO_WEB,7,GESIS Panel (Longitudinal Probability Panel),,,logs\query_337_NO_WEB.json,,0.0,False,0
337,V4_TOPIC_UNIVERSE,NO_WEB,8,"ISSP – Social Inequality (Integrated Cross-National Cumulation, 1987–2019)",,,logs\query_337_NO_WEB.json,,0.0,False,0
337,V4_TOPIC_UNIVERSE,NO_WEB,9,"ISSP – Family and Changing Gender Roles (Integrated Cross-National Cumulation, 1988–2019)",,,logs\query_337_NO_WEB.json,,0.0,False,0
347,V5_TOPIC_TITLE,NO_WEB,1,Opinions and Values of Egyptian Students in West Germany,,,logs\query_347_NO_WEB.json,ZA3331,1.0,False,1
351,V5_TOPIC_TITLE,NO_WEB,1,Forsa-Bus 1992 (01),,,logs\query_351_NO_WEB.json,ZA3300,1.0,False,1
351,V5_TOPIC_TITLE,NO_WEB,2,Forsa-Bus 1992 (02),,,logs\query_351_NO_WEB.json,ZA3300,1.0,False,1
351,V5_TOPIC_TITLE,NO_WEB,3,Forsa-Bus 1992 (03),,,logs\query_351_NO_WEB.json,ZA3300,1.0,False,1
351,V5_TOPIC_TITLE,NO_WEB,4,Forsa-Bus 1992 (04),,,logs\query_351_NO_WEB.json,ZA3300,1.0,False,1
351,V5_TOPIC_TITLE,NO_WEB,5,Forsa-Bus 1992 (05),,,logs\query_351_NO_WEB.json,ZA3300,1.0,False,1
351,V5_TOPIC_TITLE,NO_WEB,6,Forsa-Bus 1992 (06),,,logs\query_351_NO_WEB.json,ZA3300,1.0,False,1
351,V5_TOPIC_TITLE,NO_WEB,7,Forsa-Bus 1992 (07),,,logs\query_351_NO_WEB.json,ZA3300,1.0,False,1
351,V5_TOPIC_TITLE,NO_WEB,8,Forsa-Bus 1992 (08),,,logs\query_351_NO_WEB.json,ZA3300,1.0,False,1
351,V5_TOPIC_TITLE,NO_WEB,9,Forsa-Bus 1992 (09),,,logs\query_351_NO_WEB.json,ZA3300,1.0,False,1
351,V5_TOPIC_TITLE,NO_WEB,10,Forsa-Bus 1992 (10),,,logs\query_351_NO_WEB.json,ZA3300,1.0,False,1
354,V5_TOPIC_TITLE,NO_WEB,1,Cologne Study (Reader Analysis of the Koelner Stadt-Anzeiger),,,logs\query_354_NO_WEB.json,ZA1635,1.0,False,1
361,V5_TOPIC_TITLE,NO_WEB,1,ALLBUS – German General Social Survey (cumulated),,,logs\query_361_NO_WEB.json,ZA5273,0.7346938775510204,False,1
361,V5_TOPIC_TITLE,NO_WEB,2,ISSP – Family and Changing Gender Roles (cumulative),,,logs\query_361_NO_WEB.json,,0.0,False,0
361,V5_TOPIC_TITLE,NO_WEB,3,ISSP – Work Orientations (cumulative),,,logs\query_361_NO_WEB.json,ZA5520,0.7457627118644068,False,0
361,V5_TOPIC_TITLE,NO_WEB,4,European Values Study (EVS) – Integrated dataset,,,logs\query_361_NO_WEB.json,,0.0,False,0
361,V5_TOPIC_TITLE,NO_WEB,5,GESIS Panel,,,logs\query_361_NO_WEB.json,,0.0,False,0
361,V5_TOPIC_TITLE,NO_WEB,6,Generations and Gender Survey (GGS) – Germany,,,logs\query_361_NO_WEB.json,,0.0,False,0
361,V5_TOPIC_TITLE,NO_WEB,7,pairfam – German Family Panel,,,logs\query_361_NO_WEB.json,,0.0,False,0
361,V5_TOPIC_TITLE,NO_WEB,8,CILS4EU-DE – Children of Immigrants Longitudinal Survey in Four European Countries (Germany),,,logs\query_361_NO_WEB.json,,0.0,False,0
361,V5_TOPIC_TITLE,NO_WEB,9,BIBB/BAuA Employment Survey (Erwerbstätigenbefragung),,,logs\query_361_NO_WEB.json,,0.0,False,0
361,V5_TOPIC_TITLE,NO_WEB,10,DJI Familiensurvey (German Family Survey),,,logs\query_361_NO_WEB.json,,0.0,False,0
365,V5_TOPIC_TITLE,NO_WEB,1,Flash Eurobarometer 197: Satisfaction with EC Representations in 11 Member States,,,logs\query_365_NO_WEB.json,ZA4456,0.9325153374233129,False,1
367,V5_TOPIC_TITLE,WEB_SEARCH,1,Partnership Conflicts and Psychosomatic Gynecological Illnesses 1988/89 (Additional Survey: Sterile Women),,,logs\query_367_WEB_SEARCH.json,ZA6370,1.0,False,1
372,V5_TOPIC_TITLE,NO_WEB,1,"German Internet Panel, Wave 51 (January 2021)",,,logs\query_372_NO_WEB.json,ZA7759,1.0,False,1
373,V5_TOPIC_TITLE,NO_WEB,1,German Internet Panel (GIP): Trend Questions Corona (Week 13/2020),,,logs\query_373_NO_WEB.json,ZA7652,1.0,False,1
377,V5_TOPIC_TITLE,NO_WEB,1,International Social Survey Programme: Social Relations and Support Systems - ISSP 2001,,,logs\query_377_NO_WEB.json,ZA3680,1.0,False,1
378,V5_TOPIC_TITLE,NO_WEB,1,The Berlin Pulse - German Foreign Policy 2024,,,logs\query_378_NO_WEB.json,ZA8996,1.0,False,1
385,V5_TOPIC_TITLE,NO_WEB,1,"Duisburg Citizen Survey (Autumn 2002, Foreign population)",,,logs\query_385_NO_WEB.json,ZA4347,1.0,False,1
386,V5_TOPIC_TITLE,NO_WEB,1,"Crime in the Modern City (Kriminalität in der modernen Stadt, KIMS) 2007",,,logs\query_386_NO_WEB.json,ZA8859,1.0,False,1
386,V5_TOPIC_TITLE,NO_WEB,2,ISSP 2007 - Leisure Time and Sports,,,logs\query_386_NO_WEB.json,,0.0,False,0
386,V5_TOPIC_TITLE,NO_WEB,3,ISSP 2015 - Work Orientations IV,,,logs\query_386_NO_WEB.json,ZA5520,1.0,False,0
386,V5_TOPIC_TITLE,NO_WEB,4,BIBB/BAuA Employment Survey 2012,,,logs\query_386_NO_WEB.json,,0.0,False,0
386,V5_TOPIC_TITLE,NO_WEB,5,BIBB/BAuA Employment Survey 2006,,,logs\query_386_NO_WEB.json,,0.0,False,0
386,V5_TOPIC_TITLE,NO_WEB,6,German Time Use Survey 2012/2013 (Zeitverwendungserhebung),,,logs\query_386_NO_WEB.json,,0.0,False,0
386,V5_TOPIC_TITLE,NO_WEB,7,German Time Use Survey 2001/2002 (Zeitbudgeterhebung),,,logs\query_386_NO_WEB.json,,0.0,False,0
386,V5_TOPIC_TITLE,NO_WEB,8,ISSP 2002 - Family and Changing Gender Roles III,,,logs\query_386_NO_WEB.json,,0.0,False,0
386,V5_TOPIC_TITLE,NO_WEB,9,European Values Study 2008 (EVS 2008),,,logs\query_386_NO_WEB.json,ZA3777,0.7241379310344829,False,1
386,V5_TOPIC_TITLE,NO_WEB,10,ISSP 2006 - Role of Government IV,,,logs\query_386_NO_WEB.json,,0.0,False,0
388,V5_TOPIC_TITLE,NO_WEB,1,Partners III - Apprentices 1990,,,logs\query_388_NO_WEB.json,ZA6146,1.0,False,1
392,V5_TOPIC_TITLE,NO_WEB,1,Flash Eurobarometer 10 (Managers),,,logs\query_392_NO_WEB.json,ZA2146,1.0,False,1
393,V5_TOPIC_TITLE,NO_WEB,1,Wages and Salaries (Indices) in Germany 1913/14 - 2006,,,logs\query_393_NO_WEB.json,ZA8614,1.0,False,1
395,V5_TOPIC_TITLE,WEB_SEARCH,1,International Social Survey Programme: National Identity III - ISSP 2013 (Netherlands),,,logs\query_395_WEB_SEARCH.json,ZA5517,1.0,False,0
398,V5_TOPIC_TITLE,NO_WEB,1,Youth Industrial Health and Safety in Practice in Hesse from the Perspective of Young People,,,logs\query_398_NO_WEB.json,ZA1376,1.0,False,1
398,V5_TOPIC_TITLE,NO_WEB,2,BIBB/BAuA Employment Survey 2018,,,logs\query_398_NO_WEB.json,,0.0,False,0
398,V5_TOPIC_TITLE,NO_WEB,3,BIBB/BAuA Employment Survey 2012,,,logs\query_398_NO_WEB.json,,0.0,False,0
398,V5_TOPIC_TITLE,NO_WEB,4,BIBB/BAuA Employment Survey 2006,,,logs\query_398_NO_WEB.json,,0.0,False,0
399,V5_TOPIC_TITLE,NO_WEB,1,Young People and Adults '85 (Adult),,,logs\query_399_NO_WEB.json,ZA1439,1.0,False,1
401,V5_TOPIC_TITLE,NO_WEB,1,"Politbarometer, February 1990 (West Germany)",,,logs\query_401_NO_WEB.json,ZA1922,0.7027027027027027,False,0
403,V5_TOPIC_TITLE,NO_WEB,1,"Academic Profession in the Knowledge Society (APIKS), Germany, 2018–2019",,,logs\query_403_NO_WEB.json,,0.0,False,0
403,V5_TOPIC_TITLE,NO_WEB,2,"EUROAC – Academic Profession in Europe (Germany), 2013",,,logs\query_403_NO_WEB.json,,0.0,False,0
403,V5_TOPIC_TITLE,NO_WEB,3,"Changing Academic Profession (CAP) – Germany, 2007",,,logs\query_403_NO_WEB.json,,0.0,False,0
403,V5_TOPIC_TITLE,NO_WEB,4,GESIS Panel (Germany),,,logs\query_403_NO_WEB.json,,0.0,False,0
403,V5_TOPIC_TITLE,NO_WEB,5,German Internet Panel (GIP),,,logs\query_403_NO_WEB.json,ZA7759,0.7142857142857143,False,1
403,V5_TOPIC_TITLE,NO_WEB,6,Special Eurobarometer: Attitudes towards Robots and Artificial Intelligence,,,logs\query_403_NO_WEB.json,,0.0,False,0
403,V5_TOPIC_TITLE,NO_WEB,7,Special Eurobarometer: Attitudes towards the Impact of Digitalisation and Automation,,,logs\query_403_NO_WEB.json,,0.0,False,0
414,V5_TOPIC_TITLE,NO_WEB,1,EVS - European Values Study 1999 - Great Britain,,,logs\query_414_NO_WEB.json,ZA3777,1.0,False,1
417,V5_TOPIC_TITLE,NO_WEB,1,Interval Study: Determinants and Forms of Development of Young People in the GDR (1968-1980) IS I - 1970 (3rd Wave),,,logs\query_417_NO_WEB.json,ZA6151,0.9611650485436892,False,1
420,V5_TOPIC_TITLE,NO_WEB,1,Eurobarometer 47.2 (Apr-Jun 1997),,,logs\query_420_NO_WEB.json,ZA2937,1.0,False,1
422,V5_TOPIC_TITLE,NO_WEB,1,Preparatory Investigation according to the Law to Promote Urban Development (Municipality Data),,,logs\query_422_NO_WEB.json,ZA1157,1.0,False,1
424,V5_TOPIC_TITLE,NO_WEB,1,Attitude to Demonstrations and to the SDS,,,logs\query_424_NO_WEB.json,ZA0322,1.0,False,1
433,V5_TOPIC_TITLE,NO_WEB,1,Sofortresonanzen DDR Fernsehen 39. Woche 1984 (SFR 39/84),,,logs\query_433_NO_WEB.json,ZA7140,1.0,False,1
434,V5_TOPIC_TITLE,NO_WEB,1,Mannheim Corona Study (MCS) – GIP Special Survey 2020,,,logs\query_434_NO_WEB.json,,0.0,False,0
434,V5_TOPIC_TITLE,NO_WEB,2,GESIS Panel – Special Survey on the Coronavirus Outbreak 2020,,,logs\query_434_NO_WEB.json,,0.0,False,0
434,V5_TOPIC_TITLE,NO_WEB,3,German Internet Panel (GIP) – Core Study (selected waves),,,logs\query_434_NO_WEB.json,,0.0,False,0
434,V5_TOPIC_TITLE,NO_WEB,4,BIBB/BAuA Employment Survey 2018 (Erwerbstätigenbefragung 2018),,,logs\query_434_NO_WEB.json,,0.0,False,0
434,V5_TOPIC_TITLE,NO_WEB,5,BIBB/BAuA Employment Survey 2012 (Erwerbstätigenbefragung 2012),,,logs\query_434_NO_WEB.json,,0.0,False,0
434,V5_TOPIC_TITLE,NO_WEB,6,ISSP 2015 – Work Orientations IV (Germany),,,logs\query_434_NO_WEB.json,ZA5520,0.8333333333333333,False,0
435,V5_TOPIC_TITLE,NO_WEB,1,"Eurobarometer 44.2 (1995): Science and Technology, Political Behaviour and Attitudes, Social Exclusion and Modernization",,,logs\query_435_NO_WEB.json,,0.0,False,0
435,V5_TOPIC_TITLE,NO_WEB,2,Eurobarometer 44.0 (1995): Political Attitudes and the European Union,,,logs\query_435_NO_WEB.json,,0.0,False,0
435,V5_TOPIC_TITLE,NO_WEB,3,"Eurobarometer 44.3 (1995): Energy, European Union, Central and Eastern Europe, Political Attitudes",,,logs\query_435_NO_WEB.json,,0.0,False,0
435,V5_TOPIC_TITLE,NO_WEB,4,ISSP 1995: National Identity I,,,logs\query_435_NO_WEB.json,ZA5517,0.8461538461538461,False,0
435,V5_TOPIC_TITLE,NO_WEB,5,New Democracies Barometer V (1994–1995),,,logs\query_435_NO_WEB.json,,0.0,False,0
