query_id,query_variant,mode,model,rank,returned_title,returned_url_or_doi,justification,raw_response_path,matched_dataset_id,match_confidence,link_valid,is_relevant
1,V2_TOPIC_COUNTRY_TIME_SINGLE_TOPIC,NO_WEB,gemma3:27b,1,German Electoral Study 1972,https://doi.org/10.48488/68788,"This study covers attitudes and behavior related to the 1972 federal election in Germany, a key period for understanding political trends.",output\full_metadata_model_comparison\logs\query_1_NO_WEB_gemma3_27b.json,ZA1397,0.7058823529411765,False,0
1,V2_TOPIC_COUNTRY_TIME_SINGLE_TOPIC,NO_WEB,gemma3:27b,2,German Electoral Study 1976,https://doi.org/10.48488/72956,"This study, similar to the 1972 study, focuses on the 1976 election and therefore captures political behavior and attitudes of that time.",output\full_metadata_model_comparison\logs\query_1_NO_WEB_gemma3_27b.json,ZA1397,0.7450980392156863,False,0
1,V2_TOPIC_COUNTRY_TIME_SINGLE_TOPIC,NO_WEB,gemma3:27b,3,Political Attitudes in West Germany 1974-1980,https://doi.org/10.48488/22914,"This longitudinal study specifically focuses on political attitudes over a substantial period including the 1970s, making it highly relevant.",output\full_metadata_model_comparison\logs\query_1_NO_WEB_gemma3_27b.json,ZA5991,0.8,False,0
1,V2_TOPIC_COUNTRY_TIME_SINGLE_TOPIC,NO_WEB,gemma3:27b,4,Allensbach Public Opinion Panel - Selection of data from the 1970s,https://doi.org/10.48488/22666,"While not solely focused on the 1970s, the Allenbach panel contains data collected throughout the decade providing insights into public opinion and political behavior.",output\full_metadata_model_comparison\logs\query_1_NO_WEB_gemma3_27b.json,,0.0,False,0
1,V2_TOPIC_COUNTRY_TIME_SINGLE_TOPIC,NO_WEB,gemma3:27b,5,Values Survey – West Germany 1977/78,https://doi.org/10.48488/22325,This survey captures societal values which strongly influence political attitudes and behavior in West Germany during the late 1970s.,output\full_metadata_model_comparison\logs\query_1_NO_WEB_gemma3_27b.json,,0.0,False,0
1,V2_TOPIC_COUNTRY_TIME_SINGLE_TOPIC,NO_WEB,gemma3:27b,6,Mass Observation of Everyday Life in West Germany 1970-1976,https://doi.org/10.48488/30663,"Provides a qualitative and quantitative view of life in West Germany, which includes aspects of political life and attitudes.",output\full_metadata_model_comparison\logs\query_1_NO_WEB_gemma3_27b.json,,0.0,False,0
1,V2_TOPIC_COUNTRY_TIME_SINGLE_TOPIC,NO_WEB,gpt-4.1,1,"Politbarometer, 1977",https://search.gesis.org/research_data/ZA0900,"This dataset captures political attitudes and behaviour in Germany in 1977, including voting intentions and party preferences.",output\full_metadata_model_comparison\logs\query_1_NO_WEB_gpt-4.1.json,ZA0900,1.0,True,0
1,V2_TOPIC_COUNTRY_TIME_SINGLE_TOPIC,NO_WEB,gpt-4.1,2,German Election Study 1972 (ZA0080),https://search.gesis.org/research_data/ZA0080,Contains data on political behaviour and attitudes in Germany during the 1972 federal election.,output\full_metadata_model_comparison\logs\query_1_NO_WEB_gpt-4.1.json,ZA0080,1.0,True,0
1,V2_TOPIC_COUNTRY_TIME_SINGLE_TOPIC,NO_WEB,gpt-4.1,3,German Election Study 1976 (ZA0832),https://search.gesis.org/research_data/ZA0832,Records attitudes and behaviours related to the 1976 Bundestag election.,output\full_metadata_model_comparison\logs\query_1_NO_WEB_gpt-4.1.json,ZA0832,1.0,True,0
1,V2_TOPIC_COUNTRY_TIME_SINGLE_TOPIC,NO_WEB,gpt-4.1,4,German Politics and Political Attitudes 1974 (ZA0910),https://search.gesis.org/research_data/ZA0910,This dataset focuses on political attitudes and behaviour in Germany in 1974.,output\full_metadata_model_comparison\logs\query_1_NO_WEB_gpt-4.1.json,ZA0910,1.0,True,0
1,V2_TOPIC_COUNTRY_TIME_SINGLE_TOPIC,NO_WEB,gpt-4.1,5,"Political Attitudes, Social Structure and Mass Communication, 1971 (ZA0400)",https://search.gesis.org/research_data/ZA0400,"Examines political attitudes and behaviour in Germany in 1971, including media influence.",output\full_metadata_model_comparison\logs\query_1_NO_WEB_gpt-4.1.json,ZA0400,1.0,True,0
1,V2_TOPIC_COUNTRY_TIME_SINGLE_TOPIC,NO_WEB,gpt-4.1,6,"Empirical Electoral Research, 1978 (ZA1192)",https://search.gesis.org/research_data/ZA1192,Contains survey data on electoral behaviour and political attitudes in Germany in 1978.,output\full_metadata_model_comparison\logs\query_1_NO_WEB_gpt-4.1.json,ZA1115,0.7397260273972602,False,0
1,V2_TOPIC_COUNTRY_TIME_SINGLE_TOPIC,NO_WEB,gpt-4.1,7,"Political Attitudes and Electoral Behaviour in Germany, 1979 (ZA1250)",https://search.gesis.org/research_data/ZA1250,"Documents political behaviour and attitudes in Germany near the end of the decade, providing a snapshot from 1979.",output\full_metadata_model_comparison\logs\query_1_NO_WEB_gpt-4.1.json,ZA1250,1.0,True,0
1,V2_TOPIC_COUNTRY_TIME_SINGLE_TOPIC,NO_WEB,llama4:latest,1,ZA 1288: Politische Kultur in Deutschland 1977,https://www.gesis.org/zaPortal/za1288,"This dataset contains information on political culture in Germany during the 1970s, including attitudes towards democracy, political parties, and institutions.",output\full_metadata_model_comparison\logs\query_1_NO_WEB_llama4_latest.json,ZA1288,1.0,True,0
1,V2_TOPIC_COUNTRY_TIME_SINGLE_TOPIC,NO_WEB,llama4:latest,2,ZA 1289: Einstellungen zu politischen Problemen der Gegenwart 1978,https://www.gesis.org/zaPortal/za1289,This dataset includes data on attitudes towards current political issues in Germany during the late 1970s.,output\full_metadata_model_comparison\logs\query_1_NO_WEB_llama4_latest.json,ZA1289,1.0,True,0
1,V2_TOPIC_COUNTRY_TIME_SINGLE_TOPIC,NO_WEB,llama4:latest,3,ZA 1474: Wahlkampf 1976,https://www.gesis.org/zaPortal/za1474,"This dataset contains information on the 1976 election campaign in Germany, including attitudes towards political parties and candidates.",output\full_metadata_model_comparison\logs\query_1_NO_WEB_llama4_latest.json,ZA1474,1.0,True,0
1,V2_TOPIC_COUNTRY_TIME_SINGLE_TOPIC,NO_WEB,llama4:latest,4,ZA 1622: Jugend und Politik 1976,https://www.gesis.org/zaPortal/za1622,This dataset includes data on the political attitudes and behaviors of young people in Germany during the 1970s.,output\full_metadata_model_comparison\logs\query_1_NO_WEB_llama4_latest.json,,0.0,False,0
1,V2_TOPIC_COUNTRY_TIME_SINGLE_TOPIC,NO_WEB,o4-mini,1,Wahlstudie Bundestagswahl 1972,https://dbk.gesis.org/dbksearch/sdesc.asp?no=ZA1223,GESIS-hosted dataset on voting behaviour and political attitudes in Germany during the 1972 federal election.,output\full_metadata_model_comparison\logs\query_1_NO_WEB_o4-mini.json,ZA1223,1.0,True,0
1,V2_TOPIC_COUNTRY_TIME_SINGLE_TOPIC,NO_WEB,o4-mini,2,Wahlstudie Bundestagswahl 1976,https://dbk.gesis.org/dbksearch/sdesc.asp?no=ZA1277,GESIS-hosted dataset on voting behaviour and political attitudes in Germany during the 1976 federal election.,output\full_metadata_model_comparison\logs\query_1_NO_WEB_o4-mini.json,ZA1277,1.0,True,0
1,V2_TOPIC_COUNTRY_TIME_SINGLE_TOPIC,NO_WEB,gpt-5,1,Eurobarometer (1973–1979 waves) – West Germany included,https://www.gesis.org/en/eurobarometer-data-service,"Pan-European public opinion surveys beginning in 1973 that include West Germany; cover political attitudes, party support, and political participation throughout the 1970s.",output\full_metadata_model_comparison\logs\query_1_NO_WEB_gpt-5.json,,0.0,False,0
1,V2_TOPIC_COUNTRY_TIME_SINGLE_TOPIC,NO_WEB,gpt-5,2,Politbarometer (West Germany) 1977–1979,https://www.gesis.org/en/politbarometer,"Ongoing political opinion barometer for West Germany began in 1977; measures party preferences, vote intention, and a broad range of political attitudes during the late 1970s.",output\full_metadata_model_comparison\logs\query_1_NO_WEB_gpt-5.json,ZA2095,0.782608695652174,False,0
1,V2_TOPIC_COUNTRY_TIME_SINGLE_TOPIC,NO_WEB,gpt-5.1,1,"Political Attitudes, Political Participation and Voter Conduct in the Federal Republic (1977)",https://doi.org/10.4232/1.0222,"Study of political attitudes, participation, and voting behavior in West Germany in 1977; directly addresses political behaviour and attitudes in 1970s Germany.",output\full_metadata_model_comparison\logs\query_1_NO_WEB_gpt-5.1.json,ZA0222,1.0,True,0
1,V2_TOPIC_COUNTRY_TIME_SINGLE_TOPIC,NO_WEB,gpt-5.1,2,"Political Attitudes, Political Participation and Voter Conduct in the Federal Republic (1978)",https://doi.org/10.4232/1.0223,"Follow‑up survey on political attitudes and behavior in West Germany in 1978, focused on participation and electoral conduct.",output\full_metadata_model_comparison\logs\query_1_NO_WEB_gpt-5.1.json,ZA0223,1.0,True,0
1,V2_TOPIC_COUNTRY_TIME_SINGLE_TOPIC,NO_WEB,gpt-5.1,3,"Political Attitudes, Political Participation and Voter Conduct in the Federal Republic (1979)",https://doi.org/10.4232/1.0224,"Late‑1970s West German survey on political attitudes and voting behaviour, capturing trends across the decade.",output\full_metadata_model_comparison\logs\query_1_NO_WEB_gpt-5.1.json,ZA0224,1.0,True,0
1,V2_TOPIC_COUNTRY_TIME_SINGLE_TOPIC,NO_WEB,gpt-5.1,4,"Political Attitudes, Political Participation and Voter Conduct in the Federal Republic (1976)",https://doi.org/10.4232/1.0221,"Mid‑1970s survey of West German political opinions, participation, and electoral behaviour.",output\full_metadata_model_comparison\logs\query_1_NO_WEB_gpt-5.1.json,ZA0221,1.0,True,0
1,V2_TOPIC_COUNTRY_TIME_SINGLE_TOPIC,NO_WEB,gpt-5.1,5,Politbarometer West 1977,https://search.gesis.org/research_data/ZA1237,Monthly opinion barometer for West Germany in 1977 capturing party preferences and political attitudes.,output\full_metadata_model_comparison\logs\query_1_NO_WEB_gpt-5.1.json,ZA1237,1.0,True,0
1,V2_TOPIC_COUNTRY_TIME_SINGLE_TOPIC,NO_WEB,gpt-5.1,6,Politbarometer West 1978,https://search.gesis.org/research_data/ZA1238,Panel of 1978 West German public opinion barometer datasets focused on political preferences and evaluations.,output\full_metadata_model_comparison\logs\query_1_NO_WEB_gpt-5.1.json,ZA1238,1.0,True,0
1,V2_TOPIC_COUNTRY_TIME_SINGLE_TOPIC,NO_WEB,gpt-5.1,7,Politbarometer West 1979,https://search.gesis.org/research_data/ZA1239,"Continuous 1979 West German political opinion surveys on parties, leaders, and current issues.",output\full_metadata_model_comparison\logs\query_1_NO_WEB_gpt-5.1.json,ZA1239,1.0,True,0
1,V2_TOPIC_COUNTRY_TIME_SINGLE_TOPIC,NO_WEB,gpt-5.1,8,German General Social Survey – ALLBUS 1980,https://doi.org/10.4232/1.1223,"Although fielded in 1980, ALLBUS 1980 contains retrospective items and is often used to analyse political attitudes of the late 1970s in (West) Germany.",output\full_metadata_model_comparison\logs\query_1_NO_WEB_gpt-5.1.json,ZA1223,1.0,True,0
1,V2_TOPIC_COUNTRY_TIME_SINGLE_TOPIC,NO_WEB,gpt-5.1,9,Federal Election Study 1976 (Bundestag Election),https://search.gesis.org/research_data/ZA0834,Study on voter behaviour and political attitudes in the 1976 West German federal election.,output\full_metadata_model_comparison\logs\query_1_NO_WEB_gpt-5.1.json,ZA0834,1.0,True,0
1,V2_TOPIC_COUNTRY_TIME_SINGLE_TOPIC,NO_WEB,gpt-5.1,10,Federal Election Study 1980 – Pre‑/Post‑Election (Bundestagwahl 1980),https://search.gesis.org/research_data/ZA0990,Includes retrospective evaluations and longitudinal context for political behaviour and attitudes at the end of the 1970s in West Germany.,output\full_metadata_model_comparison\logs\query_1_NO_WEB_gpt-5.1.json,ZA0990,1.0,True,0
1,V2_TOPIC_COUNTRY_TIME_SINGLE_TOPIC,NO_WEB,gpt-oss:latest,1,German Election Study 1975-1979,https://doi.org/10.23752/GS-1975-1979,"This dataset contains detailed survey data on political attitudes, party identification, and election behavior in West Germany during the late 1970s, covering the period from 1975 to 1979.",output\full_metadata_model_comparison\logs\query_1_NO_WEB_gpt-oss_latest.json,ZA1959,0.7272727272727273,False,0
1,V2_TOPIC_COUNTRY_TIME_SINGLE_TOPIC,NO_WEB,gpt-oss:latest,2,German Election Study 1979,https://doi.org/10.23752/GS-1979,"The 1979 wave of the German Election Study provides post‑1978 election and campaign attitude data, capturing political behaviour and voter preferences in Germany during that year.",output\full_metadata_model_comparison\logs\query_1_NO_WEB_gpt-oss_latest.json,ZA1959,0.8,False,0
1,V2_TOPIC_COUNTRY_TIME_SINGLE_TOPIC,NO_WEB,gpt-oss:latest,3,German General Social Survey 1975,https://doi.org/10.23752/GSS-75,"The 1975 edition of the German General Social Survey includes questions on political ideology, civic engagement, and public opinion, making it relevant for studies of 1970s political attitudes.",output\full_metadata_model_comparison\logs\query_1_NO_WEB_gpt-oss_latest.json,ZA3753,0.8266666666666667,False,0
1,V2_TOPIC_COUNTRY_TIME_SINGLE_TOPIC,NO_WEB,gpt-oss:latest,4,German General Social Survey 1978,https://doi.org/10.23752/GSS-78,"The 1978 survey offers updated data on political attitudes and societal values in Germany, covering the late 1970s period.",output\full_metadata_model_comparison\logs\query_1_NO_WEB_gpt-oss_latest.json,ZA3753,0.8533333333333334,False,0
1,V2_TOPIC_COUNTRY_TIME_SINGLE_TOPIC,NO_WEB,gpt-oss:latest,5,German General Social Survey 1973,https://doi.org/10.23752/GSS-73,"The 1973 survey provides an early 1970s snapshot of German political attitudes, useful for longitudinal comparisons across the decade.",output\full_metadata_model_comparison\logs\query_1_NO_WEB_gpt-oss_latest.json,ZA3753,0.8266666666666667,False,0
1,V2_TOPIC_COUNTRY_TIME_SINGLE_TOPIC,NO_WEB,gpt-oss:latest,6,German National Panel 1975,https://doi.org/10.23752/GNP-75,"The 1975 wave of the German National Panel includes panel data on political participation and attitudes, making it suitable for analyzing political behaviour during the 1970s.",output\full_metadata_model_comparison\logs\query_1_NO_WEB_gpt-oss_latest.json,,0.0,False,0
1,V2_TOPIC_COUNTRY_TIME_SINGLE_TOPIC,WEB_SEARCH,gemma3:27b,1,ALLBUS - General Social Surveys 1970-1990,https://doi.org/10.48488/44965,"The ALLBUS series contains repeated cross-sectional surveys, many of which cover political attitudes and behaviour in West Germany, and run from 1970 onward.  It is a core dataset for this research area, and GESIS is the primary host and DOI provider.",output\full_metadata_model_comparison\logs\query_1_WEB_SEARCH_gemma3_27b.json,ZA3946,0.7848101265822784,False,0
1,V2_TOPIC_COUNTRY_TIME_SINGLE_TOPIC,WEB_SEARCH,gemma3:27b,2,German Longitudinal Election Study (GLES) 1972-1980,https://doi.org/10.48488/45572,"This longitudinal study specifically focuses on electoral behaviour and political attitudes, covering the 1970s and is hosted by GESIS. Includes pre- and post-election surveys.",output\full_metadata_model_comparison\logs\query_1_WEB_SEARCH_gemma3_27b.json,,0.0,False,0
1,V2_TOPIC_COUNTRY_TIME_SINGLE_TOPIC,WEB_SEARCH,gemma3:27b,3,Political Attitudes in West Germany 1972-1980,https://doi.org/10.48488/45614,"A dataset specifically addressing political attitudes, this covers the period 1972-1980, making it highly relevant and hosted by GESIS.",output\full_metadata_model_comparison\logs\query_1_WEB_SEARCH_gemma3_27b.json,ZA5991,0.8,False,0
1,V2_TOPIC_COUNTRY_TIME_SINGLE_TOPIC,WEB_SEARCH,gemma3:27b,4,Microdata of the German Political Elite – 1972,https://doi.org/10.48488/46001,"Though focused on the elite, this provides context for political behaviour during that period and is a GESIS hosted dataset.",output\full_metadata_model_comparison\logs\query_1_WEB_SEARCH_gemma3_27b.json,,0.0,False,0
1,V2_TOPIC_COUNTRY_TIME_SINGLE_TOPIC,WEB_SEARCH,gemma3:27b,5,Infratest/GESIS Datenarchiv - Data on German elections 1949-1994,https://www.gesis.org/en/services/data-access/data-archives/infratest-gesis-datenarchiv,"This archive contains numerous datasets related to German elections, many of which fall within the 1970s and provide insights into political behaviour. It is a landing page for the archive.",output\full_metadata_model_comparison\logs\query_1_WEB_SEARCH_gemma3_27b.json,,0.0,False,0
1,V2_TOPIC_COUNTRY_TIME_SINGLE_TOPIC,WEB_SEARCH,gemma3:27b,6,Values of the German Population 1980-1990,https://doi.org/10.48488/44955,"While starting at the end of the 70s and extending into the 80s, this dataset provides relevant data on values and their influence on political attitudes. Hosted by GESIS.",output\full_metadata_model_comparison\logs\query_1_WEB_SEARCH_gemma3_27b.json,,0.0,False,0
1,V2_TOPIC_COUNTRY_TIME_SINGLE_TOPIC,WEB_SEARCH,gemma3:27b,7,Political Action - Data from the 1970s,https://doi.org/10.48488/45568,"Specifically named for the 1970s and focusing on political action, this is a relevant dataset, hosted by GESIS.",output\full_metadata_model_comparison\logs\query_1_WEB_SEARCH_gemma3_27b.json,,0.0,False,0
1,V2_TOPIC_COUNTRY_TIME_SINGLE_TOPIC,WEB_SEARCH,gemma3:27b,8,Documentation: ALLBUS - General Social Surveys 1970-1990,https://www.gesis.org/en/services/data-access/data-archives/allbus/allbus-1970-1990,"Landing page for the full ALLBUS archive, provides access and details to many relevant surveys from the 1970s.",output\full_metadata_model_comparison\logs\query_1_WEB_SEARCH_gemma3_27b.json,,0.0,False,0
1,V2_TOPIC_COUNTRY_TIME_SINGLE_TOPIC,WEB_SEARCH,gemma3:27b,9,Materialien zur Analyse von Wahlforschung (MAW),https://doi.org/10.48488/45949,Dataset offering materials for analysing election research. Contains data points potentially relevant to the 1970s and hosted by GESIS.,output\full_metadata_model_comparison\logs\query_1_WEB_SEARCH_gemma3_27b.json,,0.0,False,0
1,V2_TOPIC_COUNTRY_TIME_SINGLE_TOPIC,WEB_SEARCH,gemma3:27b,10,Politische Einstellungen in Deutschland 1976-1986,https://doi.org/10.48488/45613,"Directly addresses political attitudes in Germany, spanning a significant portion of the 1970s. GESIS hosted DOI.",output\full_metadata_model_comparison\logs\query_1_WEB_SEARCH_gemma3_27b.json,,0.0,False,0
1,V2_TOPIC_COUNTRY_TIME_SINGLE_TOPIC,WEB_SEARCH,gpt-4.1,1,German Longitudinal Election Study (GLES) - Pre-Election Cross-Section 1972,https://search.gesis.org/research_data/ZA0246,"This dataset covers political behaviour and attitudes during the 1972 German federal election, providing insight into voters' views and participation.",output\full_metadata_model_comparison\logs\query_1_WEB_SEARCH_gpt-4.1.json,ZA0246,1.0,True,0
1,V2_TOPIC_COUNTRY_TIME_SINGLE_TOPIC,WEB_SEARCH,gpt-4.1,2,"German Election Study, 1976",https://search.gesis.org/research_data/ZA0835,"Comprehensive data collection on political behaviour, attitudes, and electoral decisions in the 1976 German federal election.",output\full_metadata_model_comparison\logs\query_1_WEB_SEARCH_gpt-4.1.json,ZA0835,1.0,True,0
1,V2_TOPIC_COUNTRY_TIME_SINGLE_TOPIC,WEB_SEARCH,gpt-4.1,3,"German National Election Study, 1979 (European Election)",https://search.gesis.org/research_data/ZA1542,Focuses on the German electorate's political attitudes and behaviours during the 1979 European elections.,output\full_metadata_model_comparison\logs\query_1_WEB_SEARCH_gpt-4.1.json,ZA1542,1.0,True,0
1,V2_TOPIC_COUNTRY_TIME_SINGLE_TOPIC,WEB_SEARCH,gpt-4.1,4,Political Values in Germany 1970,https://search.gesis.org/research_data/ZA0677,Dataset analyzing German citizens' political values and attitudes in 1970.,output\full_metadata_model_comparison\logs\query_1_WEB_SEARCH_gpt-4.1.json,ZA0677,1.0,True,0
1,V2_TOPIC_COUNTRY_TIME_SINGLE_TOPIC,WEB_SEARCH,gpt-4.1,5,Political Attitudes in the Federal Republic (ICPSR 7387) 1970,https://search.gesis.org/research_data/ZA0527,Investigates political attitudes and behaviours of the German population in 1970.,output\full_metadata_model_comparison\logs\query_1_WEB_SEARCH_gpt-4.1.json,ZA0527,1.0,True,0
1,V2_TOPIC_COUNTRY_TIME_SINGLE_TOPIC,WEB_SEARCH,gpt-4.1,6,"Political Attitudes and Participation, Germany 1972",https://search.gesis.org/research_data/ZA0818,Detailed survey focused on political attitudes and participation in the early 1970s in Germany.,output\full_metadata_model_comparison\logs\query_1_WEB_SEARCH_gpt-4.1.json,ZA0818,1.0,True,0
1,V2_TOPIC_COUNTRY_TIME_SINGLE_TOPIC,WEB_SEARCH,gpt-4.1,7,German Election Study 1976 (Telephone Survey),https://search.gesis.org/research_data/ZA0846,"Telephone survey supplement to the 1976 election, capturing contemporary opinions and behaviour.",output\full_metadata_model_comparison\logs\query_1_WEB_SEARCH_gpt-4.1.json,ZA0846,1.0,True,0
1,V2_TOPIC_COUNTRY_TIME_SINGLE_TOPIC,WEB_SEARCH,gpt-4.1,8,The German Social Survey (ALLBUS) 1980 – including retrospective questions,https://search.gesis.org/research_data/ZA1070,Includes retrospective questions about political behaviour and attitudes during the 1970s.,output\full_metadata_model_comparison\logs\query_1_WEB_SEARCH_gpt-4.1.json,ZA1070,1.0,True,0
1,V2_TOPIC_COUNTRY_TIME_SINGLE_TOPIC,WEB_SEARCH,llama4:latest,1,ZA 1288: Politische Einstellungen und Verhaltensweisen von Arbeitern und Angestellten 1977,https://doi.org/10.4232/1.1288,This dataset contains data on political attitudes and behavior of workers and employees in Germany in 1977.,output\full_metadata_model_comparison\logs\query_1_WEB_SEARCH_llama4_latest.json,ZA1288,1.0,True,0
1,V2_TOPIC_COUNTRY_TIME_SINGLE_TOPIC,WEB_SEARCH,llama4:latest,2,ZA 1289: Politische Einstellungen und Verhaltensweisen von Arbeitern und Angestellten 1978,https://doi.org/10.4232/1.1289,This dataset contains data on political attitudes and behavior of workers and employees in Germany in 1978.,output\full_metadata_model_comparison\logs\query_1_WEB_SEARCH_llama4_latest.json,ZA1289,1.0,True,0
1,V2_TOPIC_COUNTRY_TIME_SINGLE_TOPIC,WEB_SEARCH,llama4:latest,3,ZA 1670: Wahlverhalten bei der Bundestagswahl 1976,https://doi.org/10.4232/1.1670,This dataset contains data on voting behavior in the 1976 German federal election.,output\full_metadata_model_comparison\logs\query_1_WEB_SEARCH_llama4_latest.json,ZA1670,1.0,True,0
1,V2_TOPIC_COUNTRY_TIME_SINGLE_TOPIC,WEB_SEARCH,llama4:latest,4,ZA 1671: Wahlverhalten bei der Bundestagswahl 1972,https://doi.org/10.4232/1.1671,This dataset contains data on voting behavior in the 1972 German federal election.,output\full_metadata_model_comparison\logs\query_1_WEB_SEARCH_llama4_latest.json,ZA1671,1.0,True,0
1,V2_TOPIC_COUNTRY_TIME_SINGLE_TOPIC,WEB_SEARCH,llama4:latest,5,GESIS-LEI: German Election Studies (ZA 4172),https://doi.org/10.4232/1.4172,"This dataset contains data on German elections, including political attitudes and behavior.",output\full_metadata_model_comparison\logs\query_1_WEB_SEARCH_llama4_latest.json,,0.0,False,0
1,V2_TOPIC_COUNTRY_TIME_SINGLE_TOPIC,WEB_SEARCH,o4-mini,1,German National Election Study 1972 (GESIS Panel),https://doi.org/10.4232/1.13509,"GESIS-hosted panel study on voting behavior and political attitudes in Germany, conducted around the 1972 federal election in the 1970s.",output\full_metadata_model_comparison\logs\query_1_WEB_SEARCH_o4-mini.json,ZA7626,1.0,True,0
1,V2_TOPIC_COUNTRY_TIME_SINGLE_TOPIC,WEB_SEARCH,o4-mini,2,Politbarometer 1977-1979 (ICY Data),https://doi.org/10.4232/1.13499,"GESIS-hosted public-opinion tracking survey on political attitudes in Germany, starting in the late 1970s.",output\full_metadata_model_comparison\logs\query_1_WEB_SEARCH_o4-mini.json,ZA7616,1.0,True,0
1,V2_TOPIC_COUNTRY_TIME_SINGLE_TOPIC,WEB_SEARCH,o4-mini,3,German Election Study 1976: Pre- and Post-Election Survey,https://doi.org/10.4232/1.13497,GESIS data set covering political behavior and attitudes around the 1976 federal election in Germany.,output\full_metadata_model_comparison\logs\query_1_WEB_SEARCH_o4-mini.json,ZA7614,1.0,True,0
1,V2_TOPIC_COUNTRY_TIME_SINGLE_TOPIC,WEB_SEARCH,o4-mini,4,German Election Study 1972: Pre- and Post-Election Survey,https://doi.org/10.4232/1.13480,GESIS-hosted survey capturing voters’ attitudes and political behavior during the 1972 German federal election.,output\full_metadata_model_comparison\logs\query_1_WEB_SEARCH_o4-mini.json,ZA5657,1.0,True,0
1,V2_TOPIC_COUNTRY_TIME_SINGLE_TOPIC,WEB_SEARCH,o4-mini,5,Panel Study Political Decision-Making in the Federal Republic of Germany 1971–1980,https://doi.org/10.4232/1.13512,Longitudinal GESIS panel on political decision-making processes and attitudes in 1970s Germany.,output\full_metadata_model_comparison\logs\query_1_WEB_SEARCH_o4-mini.json,ZA7546,1.0,True,0
1,V2_TOPIC_COUNTRY_TIME_SINGLE_TOPIC,WEB_SEARCH,gpt-5,1,Politbarometer (West) 1977,10.4232/1.2392,"Monthly/periodic survey in West Germany capturing vote intentions, party preferences, and political attitudes during 1977—directly about political behaviour and attitudes in the 1970s.",output\full_metadata_model_comparison\logs\query_1_WEB_SEARCH_gpt-5.json,ZA1646,0.8148148148148148,False,0
1,V2_TOPIC_COUNTRY_TIME_SINGLE_TOPIC,WEB_SEARCH,gpt-5,2,Politbarometer (West) 1978,10.4232/1.2393,"Continuation of the West German Politbarometer series for 1978, measuring political opinions, party identification, and electoral behaviour in the late 1970s.",output\full_metadata_model_comparison\logs\query_1_WEB_SEARCH_gpt-5.json,ZA2393,1.0,True,0
1,V2_TOPIC_COUNTRY_TIME_SINGLE_TOPIC,WEB_SEARCH,gpt-5,3,Politbarometer (West) 1979,10.4232/1.2394,"Covers political attitudes and vote intention in West Germany in 1979, providing insight into political behaviour at the decade’s end.",output\full_metadata_model_comparison\logs\query_1_WEB_SEARCH_gpt-5.json,ZA2394,1.0,True,0
1,V2_TOPIC_COUNTRY_TIME_SINGLE_TOPIC,WEB_SEARCH,gpt-5-mini,1,German Socio-Economic Panel (SOEP) - Data for the 1970s,https://doi.org/10.5684/soep.core,SOEP is a long-running panel study started in 1984 that contains retrospective and historical variables about political attitudes and socio-economic conditions; GESIS hosts SOEP DOI landing information relevant for historical political behaviour analyses including variables referencing the 1970s context.,output\full_metadata_model_comparison\logs\query_1_WEB_SEARCH_gpt-5-mini.json,,0.0,False,0
1,V2_TOPIC_COUNTRY_TIME_SINGLE_TOPIC,WEB_SEARCH,gpt-5-mini,2,Elections and Political Attitudes – German General Social Survey (ALLBUS) (1970s waves),https://search.gesis.org/Record/ALLBUS_1971,"ALLBUS (German General Social Survey) includes multiple waves from the 1970s measuring political attitudes, party identification, and electoral behavior; GESIS provides landing pages for each wave (example: 1971 wave record).",output\full_metadata_model_comparison\logs\query_1_WEB_SEARCH_gpt-5-mini.json,,0.0,False,0
1,V2_TOPIC_COUNTRY_TIME_SINGLE_TOPIC,WEB_SEARCH,gpt-5-mini,3,Allbus 1974 wave – GESIS landing page,https://search.gesis.org/Record/ALLBUS_1974,The 1974 ALLBUS wave includes items on political opinions and electoral behaviour in Germany during the 1970s; GESIS maintains a dedicated landing page for this wave.,output\full_metadata_model_comparison\logs\query_1_WEB_SEARCH_gpt-5-mini.json,,0.0,False,0
1,V2_TOPIC_COUNTRY_TIME_SINGLE_TOPIC,WEB_SEARCH,gpt-5-mini,4,Allbus 1978 wave – GESIS landing page,https://search.gesis.org/Record/ALLBUS_1978,The 1978 ALLBUS wave captures attitudes and political behaviour in late-1970s Germany; the GESIS record page provides variable lists and access information.,output\full_metadata_model_comparison\logs\query_1_WEB_SEARCH_gpt-5-mini.json,,0.0,False,0
1,V2_TOPIC_COUNTRY_TIME_SINGLE_TOPIC,WEB_SEARCH,gpt-5-mini,5,German Longitudinal Election Study (GLES) – Historical Context and Variables,https://search.gesis.org/Record/GLES,GLES focuses on electoral behaviour and attitudes with historical comparative resources; GESIS hosts landing information and datasets that support analyses of German political behaviour across periods including retrospective and contextual measures relevant to the 1970s.,output\full_metadata_model_comparison\logs\query_1_WEB_SEARCH_gpt-5-mini.json,,0.0,False,0
1,V2_TOPIC_COUNTRY_TIME_SINGLE_TOPIC,WEB_SEARCH,gpt-5-mini,6,Political Action and Participation Study – GESIS Data Catalogue (1970s-related collections),https://search.gesis.org/Index/Studies?search=political+participation+1970s,GESIS maintains catalogued studies and collections on political participation and action; the search landing lists studies from the 1970s and provides direct GESIS-hosted records for relevant datasets.,output\full_metadata_model_comparison\logs\query_1_WEB_SEARCH_gpt-5-mini.json,,0.0,False,0
1,V2_TOPIC_COUNTRY_TIME_SINGLE_TOPIC,WEB_SEARCH,gpt-5-mini,7,European Values Study (EVS) – Germany 1981 (includes retrospective 1970s items),https://search.gesis.org/Record/EVS1981_DE,"While EVS first full German module was in 1981, it contains questions and retrospective items about political values shaped in the 1970s; GESIS hosts the EVS Germany landing page and metadata useful for 1970s attitude research.",output\full_metadata_model_comparison\logs\query_1_WEB_SEARCH_gpt-5-mini.json,,0.0,False,0
1,V2_TOPIC_COUNTRY_TIME_SINGLE_TOPIC,WEB_SEARCH,gpt-5-mini,8,Elections in the Federal Republic of Germany – Historical Election Studies (GESIS catalog),https://search.gesis.org/Index/Studies?search=historic+election+germany+1970s,"GESIS catalogues historical election study datasets covering federal and state elections in the 1970s, with GESIS landing pages and variable descriptions for political behaviour research.",output\full_metadata_model_comparison\logs\query_1_WEB_SEARCH_gpt-5-mini.json,,0.0,False,0
1,V2_TOPIC_COUNTRY_TIME_SINGLE_TOPIC,WEB_SEARCH,gpt-5-mini,9,East/West Germany comparative panels and attitudinal data (1970s-relevant GESIS datasets),https://search.gesis.org/Index/Studies?search=1970s+Germany+attitudes+GESIS,GESIS hosts multiple study records and dataset landing pages relevant to political attitudes in 1970s Germany (search results page provides direct links to each GESIS-hosted record).,output\full_metadata_model_comparison\logs\query_1_WEB_SEARCH_gpt-5-mini.json,,0.0,False,0
1,V2_TOPIC_COUNTRY_TIME_SINGLE_TOPIC,WEB_SEARCH,gpt-5-mini,10,International Social Survey Programme (ISSP) – Germany modules with 1970s comparative questions,https://search.gesis.org/Record/ISSP_DE,ISSP modules include political attitudes questions that allow retrospective and cross-time comparisons; GESIS hosts ISSP Germany records and metadata useful for analyzing 1970s political attitudes.,output\full_metadata_model_comparison\logs\query_1_WEB_SEARCH_gpt-5-mini.json,,0.0,False,0
1,V2_TOPIC_COUNTRY_TIME_SINGLE_TOPIC,WEB_SEARCH,gpt-5.1,1,"Politische Einstellungen, Politische Partizipation und Wählerverhalten in der Bundesrepublik Deutschland 1972",https://search.gesis.org/research_data/ZAStudy?doi=10.4232/1.3722,"National survey of political attitudes, participation, and voting behavior in West Germany around the 1972 federal election, directly focused on political behaviour and attitudes in the early 1970s.",output\full_metadata_model_comparison\logs\query_1_WEB_SEARCH_gpt-5.1.json,ZA3722,1.0,True,0
1,V2_TOPIC_COUNTRY_TIME_SINGLE_TOPIC,WEB_SEARCH,gpt-5.1,2,Bundestagswahl 1972 (Vor- und Nachwahlbefragung),https://search.gesis.org/research_data/ZAStudy?doi=10.4232/1.3721,"Pre- and post-election study of the 1972 Bundestag election, including vote choice, party identification, and political attitudes in Germany in the early 1970s.",output\full_metadata_model_comparison\logs\query_1_WEB_SEARCH_gpt-5.1.json,ZA3721,1.0,True,0
1,V2_TOPIC_COUNTRY_TIME_SINGLE_TOPIC,WEB_SEARCH,gpt-5.1,3,"Politische Einstellungen, Politische Partizipation und Wählerverhalten in der Bundesrepublik Deutschland 1974",https://search.gesis.org/research_data/ZAStudy?doi=10.4232/1.3723,"Mid-1970s survey focusing on political attitudes, patterns of participation, and electoral behaviour in West Germany.",output\full_metadata_model_comparison\logs\query_1_WEB_SEARCH_gpt-5.1.json,,0.0,False,0
1,V2_TOPIC_COUNTRY_TIME_SINGLE_TOPIC,WEB_SEARCH,gpt-5.1,4,Bundestagswahl 1976 (Vor- und Nachwahlbefragung),https://search.gesis.org/research_data/ZAStudy?doi=10.4232/1.3724,"Comprehensive pre- and post-election study of the 1976 federal election, covering political orientations, party images, and voting behaviour in Germany in the 1970s.",output\full_metadata_model_comparison\logs\query_1_WEB_SEARCH_gpt-5.1.json,,0.0,False,0
1,V2_TOPIC_COUNTRY_TIME_SINGLE_TOPIC,WEB_SEARCH,gpt-5.1,5,"Politische Einstellungen, Politische Partizipation und Wählerverhalten in der Bundesrepublik Deutschland 1976",https://search.gesis.org/research_data/ZAStudy?doi=10.4232/1.3725,"Survey on political attitudes, democratic orientations, and participation patterns in West Germany around 1976, directly aligned with political behaviour research.",output\full_metadata_model_comparison\logs\query_1_WEB_SEARCH_gpt-5.1.json,,0.0,False,0
1,V2_TOPIC_COUNTRY_TIME_SINGLE_TOPIC,WEB_SEARCH,gpt-5.1,6,"Politische Einstellungen, Politische Partizipation und Wählerverhalten in der Bundesrepublik Deutschland 1978",https://search.gesis.org/research_data/ZAStudy?doi=10.4232/1.3726,"Late-1970s study tracking changes in political attitudes, partisanship, and participation among the German electorate.",output\full_metadata_model_comparison\logs\query_1_WEB_SEARCH_gpt-5.1.json,,0.0,False,0
1,V2_TOPIC_COUNTRY_TIME_SINGLE_TOPIC,WEB_SEARCH,gpt-5.1,7,"Politische Einstellungen, Politische Partizipation und Wählerverhalten in der Bundesrepublik Deutschland 1979",https://search.gesis.org/research_data/ZAStudy?doi=10.4232/1.3727,"Survey focused on political attitudes and behaviour at the end of the 1970s, enabling analysis of trends over the decade in West Germany.",output\full_metadata_model_comparison\logs\query_1_WEB_SEARCH_gpt-5.1.json,,0.0,False,0
1,V2_TOPIC_COUNTRY_TIME_SINGLE_TOPIC,WEB_SEARCH,gpt-5.1,8,Europawahl 1979 – Politische Einstellungen und Wahlverhalten in der Bundesrepublik Deutschland,https://search.gesis.org/research_data/ZAStudy?doi=10.4232/1.3728,"Study of the first direct elections to the European Parliament in 1979, with rich data on political attitudes and voting behaviour of German citizens.",output\full_metadata_model_comparison\logs\query_1_WEB_SEARCH_gpt-5.1.json,,0.0,False,0
1,V2_TOPIC_COUNTRY_TIME_SINGLE_TOPIC,WEB_SEARCH,gpt-5.1,9,Politische Kultur in der Bundesrepublik Deutschland 1973,https://search.gesis.org/research_data/ZAStudy?doi=10.4232/1.3853,"Survey on political culture including trust in institutions, democratic orientations, and political engagement in Germany in the early 1970s.",output\full_metadata_model_comparison\logs\query_1_WEB_SEARCH_gpt-5.1.json,ZA3853,1.0,True,0
1,V2_TOPIC_COUNTRY_TIME_SINGLE_TOPIC,WEB_SEARCH,gpt-5.1,10,Allgemeine Bevölkerungsumfrage der Sozialwissenschaften (ALLBUS) 1980 – mit Rückblick auf die 1970er Jahre,https://search.gesis.org/research_data/ZAStudy?doi=10.4232/1.1222,"Although fielded in 1980, this ALLBUS wave includes retrospective questions on political attitudes and behaviour during the 1970s in Germany, useful for analysing that decade.",output\full_metadata_model_comparison\logs\query_1_WEB_SEARCH_gpt-5.1.json,,0.0,False,0
2,V2_TOPIC_COUNTRY_TIME_SINGLE_TOPIC,NO_WEB,gemma3:27b,1,Wahlstudien (Election Studies) - Various Years,https://gesis.infothek.uni-leipzig.de/portal/en/data/wahlstudien,"GESIS hosts a long-running series of election studies. While spanning multiple decades, datasets from the 1970s are included, offering data on political attitudes, voting behavior, and potentially information related to perceptions of government and political systems. Analysis of these studies could reveal insights into the period.",output\full_metadata_model_comparison\logs\query_2_NO_WEB_gemma3_27b.json,,0.0,False,0
2,V2_TOPIC_COUNTRY_TIME_SINGLE_TOPIC,NO_WEB,gemma3:27b,2,Allensbacher Panel (Allensbach Panel Study) - Various Years,https://gesis.infothek.uni-leipzig.de/portal/en/data/allensbacher-panel,"The Allensbach Panel is a longitudinal survey that, while ongoing, has data collected throughout the 1970s. It includes questions on political views, social issues, and attitudes towards government, providing insights into the German political landscape of that era.",output\full_metadata_model_comparison\logs\query_2_NO_WEB_gemma3_27b.json,,0.0,False,0
2,V2_TOPIC_COUNTRY_TIME_SINGLE_TOPIC,NO_WEB,gemma3:27b,3,Politische Einstellungen und Verhalten (Political Attitudes and Behavior),https://gesis.infothek.uni-leipzig.de/portal/en/data/15569,"This dataset from 1972 focuses specifically on political attitudes and behavior in Germany, offering direct information relevant to the query's timeframe and subject.",output\full_metadata_model_comparison\logs\query_2_NO_WEB_gemma3_27b.json,,0.0,False,0
2,V2_TOPIC_COUNTRY_TIME_SINGLE_TOPIC,NO_WEB,gemma3:27b,4,Materialien zur Analyse des Wahlverhaltens (Materials for the Analysis of Electoral Behavior),https://gesis.infothek.uni-leipzig.de/portal/en/data/18872,"This collection of materials, while relating to electoral behavior, also includes contextual information about the political environment and governmental factors influencing voter decisions during the 1970s.",output\full_metadata_model_comparison\logs\query_2_NO_WEB_gemma3_27b.json,,0.0,False,0
2,V2_TOPIC_COUNTRY_TIME_SINGLE_TOPIC,NO_WEB,gemma3:27b,5,Europabarometer - Series,https://gesis.infothek.uni-leipzig.de/portal/en/data/europabarometer,"The Eurobarometer series, available through GESIS, includes surveys from the 1970s. While focused on European integration, they also captured data on national political views and trust in government within member states like Germany.",output\full_metadata_model_comparison\logs\query_2_NO_WEB_gemma3_27b.json,,0.0,False,0
2,V2_TOPIC_COUNTRY_TIME_SINGLE_TOPIC,NO_WEB,gpt-4.1,1,"Political Attitudes, Political Participation and Civic Culture in East Germany (1976-1980)",https://search.gesis.org/research_data/ZA5075,"This dataset examines political attitudes and participation in East Germany during the late 1970s, aligning with the topic of government, political systems and organisations in Germany.",output\full_metadata_model_comparison\logs\query_2_NO_WEB_gpt-4.1.json,ZA5075,1.0,True,0
2,V2_TOPIC_COUNTRY_TIME_SINGLE_TOPIC,NO_WEB,gpt-4.1,2,German Federal Election 1976 (Politbarometer),https://search.gesis.org/research_data/ZA1561,"Contains data on the German federal election and political attitudes during the 1970s, providing insight into government and political systems.",output\full_metadata_model_comparison\logs\query_2_NO_WEB_gpt-4.1.json,ZA1561,1.0,True,0
2,V2_TOPIC_COUNTRY_TIME_SINGLE_TOPIC,NO_WEB,gpt-4.1,3,"Political Systems and Societal Development (1974, Germany)",https://search.gesis.org/research_data/ZA0619,"Directly covers political systems and organisations in Germany, focusing on societal development in the 1970s.",output\full_metadata_model_comparison\logs\query_2_NO_WEB_gpt-4.1.json,ZA0619,1.0,True,0
2,V2_TOPIC_COUNTRY_TIME_SINGLE_TOPIC,NO_WEB,gpt-4.1,4,Federal Election 1972: Election Study,https://search.gesis.org/research_data/ZA0584,Documents the political process and organisations associated with the 1972 German federal election.,output\full_metadata_model_comparison\logs\query_2_NO_WEB_gpt-4.1.json,ZA0584,1.0,True,0
2,V2_TOPIC_COUNTRY_TIME_SINGLE_TOPIC,NO_WEB,gpt-4.1,5,International Social Survey Programme (ISSP): Role of Government 1985 (Germany component),https://search.gesis.org/research_data/ZA1490,"Although from 1985, it includes retrospective questions about government and political organisations, relevant for the 1970s Germany.",output\full_metadata_model_comparison\logs\query_2_NO_WEB_gpt-4.1.json,ZA1490,1.0,True,0
2,V2_TOPIC_COUNTRY_TIME_SINGLE_TOPIC,NO_WEB,gpt-4.1,6,Election Study Bundestag Election 1978 in West Berlin,https://search.gesis.org/research_data/ZA0569,Focuses on government organisation and political systems via election-related data in West Berlin in the 1970s.,output\full_metadata_model_comparison\logs\query_2_NO_WEB_gpt-4.1.json,ZA0569,1.0,True,0
2,V2_TOPIC_COUNTRY_TIME_SINGLE_TOPIC,NO_WEB,gpt-4.1,7,German Society and Politics: 1975 Survey,https://search.gesis.org/research_data/ZA1189,"Surveys political systems, government, and political organisations in Germany during the mid-1970s.",output\full_metadata_model_comparison\logs\query_2_NO_WEB_gpt-4.1.json,ZA1189,1.0,True,0
2,V2_TOPIC_COUNTRY_TIME_SINGLE_TOPIC,NO_WEB,gpt-4.1,8,German Bundestag Election Study 1976: Cumulated Dataset,https://search.gesis.org/research_data/ZA1634,Aggregates data on government and political organisations through the context of the 1976 Bundestag elections.,output\full_metadata_model_comparison\logs\query_2_NO_WEB_gpt-4.1.json,ZA1634,1.0,True,0
2,V2_TOPIC_COUNTRY_TIME_SINGLE_TOPIC,NO_WEB,gpt-4.1,9,Political Attitudes and Participation in Germany 1979,https://search.gesis.org/research_data/ZA0918,Examines citizens’ engagement with political systems and organisations in late 1970s Germany.,output\full_metadata_model_comparison\logs\query_2_NO_WEB_gpt-4.1.json,ZA0918,1.0,True,0
2,V2_TOPIC_COUNTRY_TIME_SINGLE_TOPIC,NO_WEB,gpt-4.1,10,"The Federal Republic of Germany Parliamentary Election Study, 1972 (Pre- and Post-Election Waves)",https://search.gesis.org/research_data/ZA0580,Documents attitudes and activities related to political organisations and government during the 1972 federal election.,output\full_metadata_model_comparison\logs\query_2_NO_WEB_gpt-4.1.json,ZA0580,1.0,True,0
2,V2_TOPIC_COUNTRY_TIME_SINGLE_TOPIC,NO_WEB,llama4:latest,1,German Government and Administration 1972/73,https://doi.org/10.4232/1.10356,"This dataset contains information about the German government and administration in 1972/73, which falls within the 1970s timeframe.",output\full_metadata_model_comparison\logs\query_2_NO_WEB_llama4_latest.json,,0.0,False,0
2,V2_TOPIC_COUNTRY_TIME_SINGLE_TOPIC,NO_WEB,llama4:latest,2,Politbarometer 1977,https://doi.org/10.4232/1.02516,"This dataset is part of the Politbarometer series, which provides data on political attitudes and behaviors in Germany, and the 1977 edition falls within the specified timeframe.",output\full_metadata_model_comparison\logs\query_2_NO_WEB_llama4_latest.json,ZA1644,0.8181818181818182,False,0
2,V2_TOPIC_COUNTRY_TIME_SINGLE_TOPIC,NO_WEB,llama4:latest,3,Politbarometer 1978,https://doi.org/10.4232/1.02517,"Similar to the 1977 edition, this dataset provides insights into political attitudes and behaviors in Germany during 1978.",output\full_metadata_model_comparison\logs\query_2_NO_WEB_llama4_latest.json,ZA1644,0.8181818181818182,False,0
2,V2_TOPIC_COUNTRY_TIME_SINGLE_TOPIC,NO_WEB,llama4:latest,4,German Government and Administration 1978,https://doi.org/10.4232/1.10357,This dataset provides information on the German government and administration in 1978.,output\full_metadata_model_comparison\logs\query_2_NO_WEB_llama4_latest.json,,0.0,False,0
2,V2_TOPIC_COUNTRY_TIME_SINGLE_TOPIC,NO_WEB,llama4:latest,5,ZA-Collection: German Government and Administration,https://doi.org/10.4232/za.3901,"This collection includes various datasets related to the German government and administration over the years, potentially including the 1970s.",output\full_metadata_model_comparison\logs\query_2_NO_WEB_llama4_latest.json,,0.0,False,0
2,V2_TOPIC_COUNTRY_TIME_SINGLE_TOPIC,NO_WEB,o4-mini,1,Standard Eurobarometer surveys (1973–1979),https://www.gesis.org/eurobarometer,"Standard Eurobarometer waves include repeated cross-section data on public attitudes toward government, political systems and institutions in West Germany throughout the 1970s.",output\full_metadata_model_comparison\logs\query_2_NO_WEB_o4-mini.json,,0.0,False,0
2,V2_TOPIC_COUNTRY_TIME_SINGLE_TOPIC,NO_WEB,o4-mini,2,Wahldaten – Official German election results,https://www.gesis.org/wahldaten,"GESIS portal providing official constituency- and state-level results for Bundestag and Landtag elections, including all federal and state contests held in the 1970s.",output\full_metadata_model_comparison\logs\query_2_NO_WEB_o4-mini.json,,0.0,False,0
2,V2_TOPIC_COUNTRY_TIME_SINGLE_TOPIC,NO_WEB,gpt-5,1,Politbarometer (West) 1977–1997 (Cumulation),https://dbk.gesis.org/DBKSearch/SDESC2.asp?no=2391,"Monthly West German public opinion polls by Forschungsgruppe Wahlen covering government approval, party support, and evaluations of political institutions; includes the late 1970s.",output\full_metadata_model_comparison\logs\query_2_NO_WEB_gpt-5.json,ZA3261,0.7640449438202246,False,0
2,V2_TOPIC_COUNTRY_TIME_SINGLE_TOPIC,NO_WEB,gpt-5,2,"Eurobarometer Trend File, 1970–2002",https://www.gesis.org/eurobarometer-data-service/data-access/trend-files,"Cumulated Eurobarometer series including West Germany across the 1970s; tracks attitudes toward government, political institutions, parties, and organizations over time.",output\full_metadata_model_comparison\logs\query_2_NO_WEB_gpt-5.json,ZA3521,0.7096774193548387,False,0
2,V2_TOPIC_COUNTRY_TIME_SINGLE_TOPIC,NO_WEB,gpt-5,3,Eurobarometer 7 (1977),https://www.gesis.org/eurobarometer-data-service/data-access/standard-eb,"Standard Eurobarometer wave including West Germany; measures trust in government, political institutions, and party alignments in 1977.",output\full_metadata_model_comparison\logs\query_2_NO_WEB_gpt-5.json,ZA6924,0.851063829787234,False,0
2,V2_TOPIC_COUNTRY_TIME_SINGLE_TOPIC,NO_WEB,gpt-5,4,Eurobarometer 8 (1977),https://www.gesis.org/eurobarometer-data-service/data-access/standard-eb,Standard Eurobarometer wave including West Germany; captures views on political system performance and institutions in 1977.,output\full_metadata_model_comparison\logs\query_2_NO_WEB_gpt-5.json,ZA1713,0.8571428571428571,False,0
2,V2_TOPIC_COUNTRY_TIME_SINGLE_TOPIC,NO_WEB,gpt-5,5,Eurobarometer 9 (1978),https://www.gesis.org/eurobarometer-data-service/data-access/standard-eb,"Standard Eurobarometer wave including West Germany; surveys attitudes toward national government, parties, and political organizations in 1978.",output\full_metadata_model_comparison\logs\query_2_NO_WEB_gpt-5.json,ZA7580,0.851063829787234,False,0
2,V2_TOPIC_COUNTRY_TIME_SINGLE_TOPIC,NO_WEB,gpt-5,6,Eurobarometer 10 (1978),https://www.gesis.org/eurobarometer-data-service/data-access/standard-eb,Standard Eurobarometer wave including West Germany; includes indicators on trust in government and evaluations of political institutions in 1978.,output\full_metadata_model_comparison\logs\query_2_NO_WEB_gpt-5.json,ZA0994,0.8518518518518519,False,0
2,V2_TOPIC_COUNTRY_TIME_SINGLE_TOPIC,NO_WEB,gpt-5,7,Eurobarometer 11 (1979),https://www.gesis.org/eurobarometer-data-service/data-access/standard-eb,"Standard Eurobarometer wave including West Germany; examines views on government, political system, and parties in 1979.",output\full_metadata_model_comparison\logs\query_2_NO_WEB_gpt-5.json,ZA1036,0.92,False,0
2,V2_TOPIC_COUNTRY_TIME_SINGLE_TOPIC,NO_WEB,gpt-5.1,1,Bundestag Election Study 1972 (Federal Republic of Germany),https://doi.org/10.4232/1.0918,"Study on the 1972 Federal Election in West Germany, covering voter behavior, party preferences, and evaluations of government and political institutions in the early 1970s.",output\full_metadata_model_comparison\logs\query_2_NO_WEB_gpt-5.1.json,ZA0918,1.0,True,0
2,V2_TOPIC_COUNTRY_TIME_SINGLE_TOPIC,NO_WEB,gpt-5.1,2,Bundestag Election Study 1976 (Federal Republic of Germany),https://doi.org/10.4232/1.0919,"Survey on the 1976 Federal Election examining parties, government performance, and attitudes toward the political system in West Germany in the mid‑1970s.",output\full_metadata_model_comparison\logs\query_2_NO_WEB_gpt-5.1.json,ZA0919,1.0,True,0
2,V2_TOPIC_COUNTRY_TIME_SINGLE_TOPIC,NO_WEB,gpt-5.1,3,"Political Attitudes, Political Participation and Democracy in the Federal Republic of Germany 1973",https://doi.org/10.4232/1.0934,"Focuses on political attitudes, evaluations of democracy, trust in institutions, and forms of participation in West Germany in 1973.",output\full_metadata_model_comparison\logs\query_2_NO_WEB_gpt-5.1.json,ZA0934,1.0,True,0
2,V2_TOPIC_COUNTRY_TIME_SINGLE_TOPIC,NO_WEB,gpt-5.1,4,"Political Attitudes, Political Participation and Democracy in the Federal Republic of Germany 1977",https://doi.org/10.4232/1.0935,"Continues the series on political attitudes and democratic orientations, including views of the political system and governmental institutions in 1977.",output\full_metadata_model_comparison\logs\query_2_NO_WEB_gpt-5.1.json,ZA0935,1.0,True,0
2,V2_TOPIC_COUNTRY_TIME_SINGLE_TOPIC,NO_WEB,gpt-5.1,5,"Political Attitudes, Political Participation and Democracy in the Federal Republic of Germany 1979",https://doi.org/10.4232/1.0936,"Late‑1970s survey on democratic support, governmental trust, and political participation in West Germany.",output\full_metadata_model_comparison\logs\query_2_NO_WEB_gpt-5.1.json,ZA0936,1.0,True,0
2,V2_TOPIC_COUNTRY_TIME_SINGLE_TOPIC,NO_WEB,gpt-5.1,6,German Social Survey (ALLBUS) 1980 – Historical Module: Retrospective Questions on the 1970s,https://doi.org/10.4232/1.13346,"Although fielded in 1980, includes retrospective items about political attitudes, parties, and evaluations of government and politics during the 1970s in West Germany.",output\full_metadata_model_comparison\logs\query_2_NO_WEB_gpt-5.1.json,ZA5537,1.0,True,0
2,V2_TOPIC_COUNTRY_TIME_SINGLE_TOPIC,NO_WEB,gpt-5.1,7,Political Culture in the Federal Republic of Germany 1977,https://doi.org/10.4232/1.0942,"Examines political culture, including images of the state, political institutions, and organizations in West Germany in 1977.",output\full_metadata_model_comparison\logs\query_2_NO_WEB_gpt-5.1.json,ZA1220,0.8598130841121495,False,0
2,V2_TOPIC_COUNTRY_TIME_SINGLE_TOPIC,NO_WEB,gpt-5.1,8,Youth and Politics in the Federal Republic of Germany 1974,https://doi.org/10.4232/1.0951,"Focuses on young people’s political orientations, party ties, and perceptions of governmental institutions in mid‑1970s West Germany.",output\full_metadata_model_comparison\logs\query_2_NO_WEB_gpt-5.1.json,ZA0951,1.0,True,0
2,V2_TOPIC_COUNTRY_TIME_SINGLE_TOPIC,NO_WEB,gpt-5.1,9,Public Attitudes toward Parties and Government in the Federal Republic of Germany 1975,https://doi.org/10.4232/1.0963,"Survey on evaluations of parties, federal government, and political system performance in 1975.",output\full_metadata_model_comparison\logs\query_2_NO_WEB_gpt-5.1.json,ZA0963,1.0,True,0
2,V2_TOPIC_COUNTRY_TIME_SINGLE_TOPIC,NO_WEB,gpt-5.1,10,Political Participation and Organizational Membership in the Federal Republic of Germany 1976,https://doi.org/10.4232/1.0972,"Investigates political participation, membership in political and civic organizations, and attitudes toward state and political order in 1976 West Germany.",output\full_metadata_model_comparison\logs\query_2_NO_WEB_gpt-5.1.json,ZA0972,1.0,True,0
2,V2_TOPIC_COUNTRY_TIME_SINGLE_TOPIC,NO_WEB,gpt-oss:latest,1,German General Social Survey (AGB) – 1970,https://doi.org/10.4232/1.1120,"Wave 1970 contains detailed questions on political participation, party identification and perceptions of the German federal and state governments.",output\full_metadata_model_comparison\logs\query_2_NO_WEB_gpt-oss_latest.json,ZA3753,0.8192771084337349,False,0
2,V2_TOPIC_COUNTRY_TIME_SINGLE_TOPIC,NO_WEB,gpt-oss:latest,2,German General Social Survey (AGB) – 1974,https://doi.org/10.4232/1.1136,"Wave 1974 provides data on attitudes toward political institutions, the Bundestag, and the political system of West Germany.",output\full_metadata_model_comparison\logs\query_2_NO_WEB_gpt-oss_latest.json,ZA1136,1.0,True,0
2,V2_TOPIC_COUNTRY_TIME_SINGLE_TOPIC,NO_WEB,gpt-oss:latest,3,German General Social Survey (AGB) – 1976,https://doi.org/10.4232/1.1152,"Wave 1976 captures respondents’ views on government policy, federal-state relations, and the structure of political parties in the 1970s.",output\full_metadata_model_comparison\logs\query_2_NO_WEB_gpt-oss_latest.json,ZA1152,1.0,True,0
2,V2_TOPIC_COUNTRY_TIME_SINGLE_TOPIC,NO_WEB,gpt-oss:latest,4,German General Social Survey (AGB) – 1979,https://doi.org/10.4232/1.1180,"Final 1970s wave includes questions on the role of the German federal government, regional administrations, and political organization during the decade.",output\full_metadata_model_comparison\logs\query_2_NO_WEB_gpt-oss_latest.json,ZA3753,0.8433734939759038,False,0
2,V2_TOPIC_COUNTRY_TIME_SINGLE_TOPIC,NO_WEB,gpt-oss:latest,5,German Federal Election Survey – 1972,https://doi.org/10.4232/1.1150,"Provides electoral data, voter attitudes, and party organization information for the 1972 Bundestag election.",output\full_metadata_model_comparison\logs\query_2_NO_WEB_gpt-oss_latest.json,ZA1150,1.0,True,0
2,V2_TOPIC_COUNTRY_TIME_SINGLE_TOPIC,NO_WEB,gpt-oss:latest,6,German Federal Election Survey – 1976,https://doi.org/10.4232/1.1153,"Includes data on political party structures, campaign strategies, and voter behavior during the 1976 federal election.",output\full_metadata_model_comparison\logs\query_2_NO_WEB_gpt-oss_latest.json,ZA1153,1.0,True,0
2,V2_TOPIC_COUNTRY_TIME_SINGLE_TOPIC,NO_WEB,gpt-oss:latest,7,German Social Survey – Political Attitudes 1970s Summary,https://doi.org/10.4232/1.1200,"Summarises key findings on government perception, political participation, and organisational structures from 1970-1979 surveys.",output\full_metadata_model_comparison\logs\query_2_NO_WEB_gpt-oss_latest.json,ZA1200,1.0,True,0
2,V2_TOPIC_COUNTRY_TIME_SINGLE_TOPIC,WEB_SEARCH,gemma3:27b,1,German Political Elite Survey 1974-1982,https://doi.org/10.48488/42616,"This survey collected data on the political attitudes, backgrounds, and networks of German political elites during the 1970s and early 1980s. It is directly relevant to the query about German political systems and organizations.",output\full_metadata_model_comparison\logs\query_2_WEB_SEARCH_gemma3_27b.json,,0.0,False,0
2,V2_TOPIC_COUNTRY_TIME_SINGLE_TOPIC,WEB_SEARCH,gemma3:27b,2,Parliamentary Group Behavior in the German Bundestag 1972-1983,https://doi.org/10.48488/42576,"This dataset focuses specifically on the behavior of parliamentary groups within the German Bundestag throughout much of the 1970s, directly addressing the query.",output\full_metadata_model_comparison\logs\query_2_WEB_SEARCH_gemma3_27b.json,,0.0,False,0
2,V2_TOPIC_COUNTRY_TIME_SINGLE_TOPIC,WEB_SEARCH,gemma3:27b,3,Election Study 1972 - West Germany,https://doi.org/10.48488/38411,"This election study provides data on voter behavior and political attitudes during the 1972 federal election, offering insights into the political landscape of the time.",output\full_metadata_model_comparison\logs\query_2_WEB_SEARCH_gemma3_27b.json,,0.0,False,0
2,V2_TOPIC_COUNTRY_TIME_SINGLE_TOPIC,WEB_SEARCH,gemma3:27b,4,Election Study 1976 - West Germany,https://doi.org/10.48488/38413,"Like the 1972 study, this provides data from the 1976 election and thus relevant insight into the political attitudes of the 1970s.",output\full_metadata_model_comparison\logs\query_2_WEB_SEARCH_gemma3_27b.json,,0.0,False,0
2,V2_TOPIC_COUNTRY_TIME_SINGLE_TOPIC,WEB_SEARCH,gemma3:27b,5,German Election Study 1977,https://doi.org/10.48488/38414,"Another election study, providing a further data point for understanding political trends in the late 1970s.",output\full_metadata_model_comparison\logs\query_2_WEB_SEARCH_gemma3_27b.json,ZA3272,0.8,False,0
2,V2_TOPIC_COUNTRY_TIME_SINGLE_TOPIC,WEB_SEARCH,gemma3:27b,6,Political Attitudes in West Germany 1970-1980,https://doi.org/10.48488/42485,This longitudinal study provides information about changes in political attitudes in West Germany over the 1970s.,output\full_metadata_model_comparison\logs\query_2_WEB_SEARCH_gemma3_27b.json,ZA5991,0.8,False,0
2,V2_TOPIC_COUNTRY_TIME_SINGLE_TOPIC,WEB_SEARCH,gemma3:27b,7,Political Action and Participation: West Germany 1972-1980,https://doi.org/10.48488/42519,This dataset studies political participation in West Germany. The timeframe covers most of the 1970s.,output\full_metadata_model_comparison\logs\query_2_WEB_SEARCH_gemma3_27b.json,,0.0,False,0
2,V2_TOPIC_COUNTRY_TIME_SINGLE_TOPIC,WEB_SEARCH,gemma3:27b,8,The German Bundestag - Members and Factions 1949-1983,https://doi.org/10.48488/42581,"Provides a dataset covering the composition of the Bundestag and its factions during this period, including the 1970s.",output\full_metadata_model_comparison\logs\query_2_WEB_SEARCH_gemma3_27b.json,,0.0,False,0
2,V2_TOPIC_COUNTRY_TIME_SINGLE_TOPIC,WEB_SEARCH,gpt-4.1,1,Politbarometer 1977,https://doi.org/10.4232/1.0777,"This dataset includes information about government and political systems in Germany, specifically through public opinion polls from 1977.",output\full_metadata_model_comparison\logs\query_2_WEB_SEARCH_gpt-4.1.json,ZA0777,1.0,True,0
2,V2_TOPIC_COUNTRY_TIME_SINGLE_TOPIC,WEB_SEARCH,gpt-4.1,2,German Federal Election 1976 (ZA1276),https://doi.org/10.4232/1.1276,"Contains data related to political organisations, government, and elections in Germany during the 1970s.",output\full_metadata_model_comparison\logs\query_2_WEB_SEARCH_gpt-4.1.json,,0.0,False,0
2,V2_TOPIC_COUNTRY_TIME_SINGLE_TOPIC,WEB_SEARCH,gpt-4.1,3,Politbarometer 1976,https://doi.org/10.4232/1.0766,Covers government and political systems based on German public opinion polls from 1976.,output\full_metadata_model_comparison\logs\query_2_WEB_SEARCH_gpt-4.1.json,ZA0766,1.0,True,0
2,V2_TOPIC_COUNTRY_TIME_SINGLE_TOPIC,WEB_SEARCH,gpt-4.1,4,Politbarometer 1978,https://doi.org/10.4232/1.0788,"Political and governmental data regarding West Germany in 1978, suitable for coverage of the late 1970s.",output\full_metadata_model_comparison\logs\query_2_WEB_SEARCH_gpt-4.1.json,ZA0788,1.0,True,0
2,V2_TOPIC_COUNTRY_TIME_SINGLE_TOPIC,WEB_SEARCH,gpt-4.1,5,Politbarometer 1979,https://doi.org/10.4232/1.0799,"Government and political organisations data in Germany from 1979, based on survey research.",output\full_metadata_model_comparison\logs\query_2_WEB_SEARCH_gpt-4.1.json,ZA0799,1.0,True,0
2,V2_TOPIC_COUNTRY_TIME_SINGLE_TOPIC,WEB_SEARCH,gpt-4.1,6,Bundestag Election 1972 (ZA0714),https://doi.org/10.4232/1.0714,Documents the political landscape and government-related organisations for the Bundestag election in the early 1970s.,output\full_metadata_model_comparison\logs\query_2_WEB_SEARCH_gpt-4.1.json,ZA0714,1.0,True,0
2,V2_TOPIC_COUNTRY_TIME_SINGLE_TOPIC,WEB_SEARCH,gpt-4.1,7,Politbarometer 1975,https://doi.org/10.4232/1.0755,Provides political survey data about government and political organisations in Germany in 1975.,output\full_metadata_model_comparison\logs\query_2_WEB_SEARCH_gpt-4.1.json,ZA0755,1.0,True,0
2,V2_TOPIC_COUNTRY_TIME_SINGLE_TOPIC,WEB_SEARCH,gpt-4.1,8,Politbarometer 1974,https://doi.org/10.4232/1.0744,Political system and government data for Germany during the mid-1970s based on public opinion.,output\full_metadata_model_comparison\logs\query_2_WEB_SEARCH_gpt-4.1.json,ZA0744,1.0,True,0
2,V2_TOPIC_COUNTRY_TIME_SINGLE_TOPIC,WEB_SEARCH,gpt-4.1,9,German Federal Election 1972 (ZA0735),https://doi.org/10.4232/1.0735,"Election data covering political systems and government in Germany, focusing on the 1970s.",output\full_metadata_model_comparison\logs\query_2_WEB_SEARCH_gpt-4.1.json,ZA0735,1.0,True,0
2,V2_TOPIC_COUNTRY_TIME_SINGLE_TOPIC,WEB_SEARCH,gpt-4.1,10,ZA Study No. 0786: Politbarometer 1973,https://search.gesis.org/research_data/ZA0786,"Offers survey data about government, political systems, and organisations in Germany for the year 1973.",output\full_metadata_model_comparison\logs\query_2_WEB_SEARCH_gpt-4.1.json,ZA0786,1.0,True,0
2,V2_TOPIC_COUNTRY_TIME_SINGLE_TOPIC,WEB_SEARCH,llama4:latest,1,German Government and Administration 1973,https://doi.org/10.4232/1.01171,"This dataset contains information about the German government and administration in 1973, which falls within the specified time period of the 1970s.",output\full_metadata_model_comparison\logs\query_2_WEB_SEARCH_llama4_latest.json,,0.0,False,0
2,V2_TOPIC_COUNTRY_TIME_SINGLE_TOPIC,WEB_SEARCH,llama4:latest,2,Politbarometer 1971,https://doi.org/10.4232/1.01151,"This dataset contains information about political attitudes and behaviors in Germany in 1971, which is close to the specified time period of the 1970s.",output\full_metadata_model_comparison\logs\query_2_WEB_SEARCH_llama4_latest.json,ZA1644,0.8181818181818182,False,0
2,V2_TOPIC_COUNTRY_TIME_SINGLE_TOPIC,WEB_SEARCH,llama4:latest,3,Politbarometer 1972,https://doi.org/10.4232/1.01152,"This dataset contains information about political attitudes and behaviors in Germany in 1972, which falls within the specified time period of the 1970s.",output\full_metadata_model_comparison\logs\query_2_WEB_SEARCH_llama4_latest.json,ZA1644,0.8181818181818182,False,0
2,V2_TOPIC_COUNTRY_TIME_SINGLE_TOPIC,WEB_SEARCH,llama4:latest,4,Politbarometer 1973,https://doi.org/10.4232/1.01153,"This dataset contains information about political attitudes and behaviors in Germany in 1973, which falls within the specified time period of the 1970s.",output\full_metadata_model_comparison\logs\query_2_WEB_SEARCH_llama4_latest.json,ZA1644,0.8181818181818182,False,0
2,V2_TOPIC_COUNTRY_TIME_SINGLE_TOPIC,WEB_SEARCH,llama4:latest,5,Politbarometer 1974,https://doi.org/10.4232/1.01154,"This dataset contains information about political attitudes and behaviors in Germany in 1974, which falls within the specified time period of the 1970s.",output\full_metadata_model_comparison\logs\query_2_WEB_SEARCH_llama4_latest.json,ZA1644,0.8181818181818182,False,0
2,V2_TOPIC_COUNTRY_TIME_SINGLE_TOPIC,WEB_SEARCH,llama4:latest,6,Politbarometer 1975,https://doi.org/10.4232/1.01155,"This dataset contains information about political attitudes and behaviors in Germany in 1975, which falls within the specified time period of the 1970s.",output\full_metadata_model_comparison\logs\query_2_WEB_SEARCH_llama4_latest.json,ZA1644,0.8181818181818182,False,0
2,V2_TOPIC_COUNTRY_TIME_SINGLE_TOPIC,WEB_SEARCH,llama4:latest,7,Politbarometer 1976,https://doi.org/10.4232/1.01156,"This dataset contains information about political attitudes and behaviors in Germany in 1976, which falls within the specified time period of the 1970s.",output\full_metadata_model_comparison\logs\query_2_WEB_SEARCH_llama4_latest.json,ZA1644,0.8181818181818182,False,0
2,V2_TOPIC_COUNTRY_TIME_SINGLE_TOPIC,WEB_SEARCH,llama4:latest,8,Politbarometer 1977,https://doi.org/10.4232/1.01157,"This dataset contains information about political attitudes and behaviors in Germany in 1977, which falls within the specified time period of the 1970s.",output\full_metadata_model_comparison\logs\query_2_WEB_SEARCH_llama4_latest.json,ZA1644,0.8181818181818182,False,0
2,V2_TOPIC_COUNTRY_TIME_SINGLE_TOPIC,WEB_SEARCH,llama4:latest,9,Politbarometer 1978,https://doi.org/10.4232/1.01158,"This dataset contains information about political attitudes and behaviors in Germany in 1978, which falls within the specified time period of the 1970s.",output\full_metadata_model_comparison\logs\query_2_WEB_SEARCH_llama4_latest.json,ZA1644,0.8181818181818182,False,0
2,V2_TOPIC_COUNTRY_TIME_SINGLE_TOPIC,WEB_SEARCH,llama4:latest,10,Politbarometer 1979,https://doi.org/10.4232/1.01159,"This dataset contains information about political attitudes and behaviors in Germany in 1979, which falls within the specified time period of the 1970s.",output\full_metadata_model_comparison\logs\query_2_WEB_SEARCH_llama4_latest.json,ZA1925,0.8181818181818182,False,0
2,V2_TOPIC_COUNTRY_TIME_SINGLE_TOPIC,WEB_SEARCH,o4-mini,1,Politbarometer I (January 1977 – December 1979),https://search.gesis.org/research_data/ZA4961,Monthly opinion polling data on government and political system in West Germany from 1977 to 1979.,output\full_metadata_model_comparison\logs\query_2_WEB_SEARCH_o4-mini.json,ZA1650,0.7532467532467533,False,0
2,V2_TOPIC_COUNTRY_TIME_SINGLE_TOPIC,WEB_SEARCH,o4-mini,2,Nachwahlbefragung zur Bundestagswahl 1972,https://search.gesis.org/research_data/ZA3284,Post-election survey capturing voter behavior and attitudes towards political institutions in the 1972 German federal election.,output\full_metadata_model_comparison\logs\query_2_WEB_SEARCH_o4-mini.json,ZA3284,1.0,True,0
2,V2_TOPIC_COUNTRY_TIME_SINGLE_TOPIC,WEB_SEARCH,o4-mini,3,Vorwahlbefragung zur Bundestagswahl 1972,https://search.gesis.org/research_data/ZA3500,Pre-election survey capturing voter intentions and political opinions in the lead-up to the 1972 German federal election.,output\full_metadata_model_comparison\logs\query_2_WEB_SEARCH_o4-mini.json,ZA3500,1.0,True,0
2,V2_TOPIC_COUNTRY_TIME_SINGLE_TOPIC,WEB_SEARCH,o4-mini,4,Nachwahlbefragung zur Bundestagswahl 1976,https://search.gesis.org/research_data/ZA5038,Post-election survey capturing voter behavior and attitudes towards political institutions in the 1976 German federal election.,output\full_metadata_model_comparison\logs\query_2_WEB_SEARCH_o4-mini.json,,0.0,False,0
2,V2_TOPIC_COUNTRY_TIME_SINGLE_TOPIC,WEB_SEARCH,o4-mini,5,"Nachwahlbefragung zur Landtagswahl in Niedersachsen, August 1978",https://search.gesis.org/research_data/ZA5028,Post-election survey capturing voter behavior and attitudes in the 1978 Lower Saxony state election.,output\full_metadata_model_comparison\logs\query_2_WEB_SEARCH_o4-mini.json,ZA5028,1.0,True,0
2,V2_TOPIC_COUNTRY_TIME_SINGLE_TOPIC,WEB_SEARCH,gpt-5.1,1,Bundestagswahlen 1972 (German Federal Parliament Election 1972),https://doi.org/10.4232/1.0354,"Election study on the 1972 Bundestag election, focusing on political attitudes, participation, and evaluations of parties and government in West Germany in the early 1970s.",output\full_metadata_model_comparison\logs\query_2_WEB_SEARCH_gpt-5.1.json,ZA0354,1.0,True,0
2,V2_TOPIC_COUNTRY_TIME_SINGLE_TOPIC,WEB_SEARCH,gpt-5.1,2,"Bundesrepublik Deutschland Trend 1977 (ALLBUS precursor: Political Attitudes and Government, 1977)",https://doi.org/10.4232/1.0395,"Survey on political attitudes in the Federal Republic of Germany in 1977, including trust in political institutions, satisfaction with government, and views of the political system.",output\full_metadata_model_comparison\logs\query_2_WEB_SEARCH_gpt-5.1.json,ZA0395,1.0,True,0
2,V2_TOPIC_COUNTRY_TIME_SINGLE_TOPIC,WEB_SEARCH,gpt-5.1,3,"Politische Einstellungen, politische Partizipation und Demokratieverständnis 1973",https://doi.org/10.4232/1.10688,"Study of political attitudes, political participation, and understanding of democracy in the Federal Republic of Germany in 1973, directly addressing perceptions of the political system and its institutions.",output\full_metadata_model_comparison\logs\query_2_WEB_SEARCH_gpt-5.1.json,ZA7448,1.0,True,0
2,V2_TOPIC_COUNTRY_TIME_SINGLE_TOPIC,WEB_SEARCH,gpt-5.1,4,Politik und Gesellschaft in der Bundesrepublik Deutschland 1975,https://doi.org/10.4232/1.10809,"Survey on politics and society in West Germany in 1975; includes evaluations of political institutions, parties, and the functioning of the political system.",output\full_metadata_model_comparison\logs\query_2_WEB_SEARCH_gpt-5.1.json,,0.0,False,0
2,V2_TOPIC_COUNTRY_TIME_SINGLE_TOPIC,WEB_SEARCH,gpt-5.1,5,Jugend und Politik 1974 (Youth and Politics 1974 in the Federal Republic of Germany),https://doi.org/10.4232/1.10846,"Focuses on political orientations and participation of young people in West Germany in 1974, including attitudes toward government and political institutions.",output\full_metadata_model_comparison\logs\query_2_WEB_SEARCH_gpt-5.1.json,,0.0,False,0
2,V2_TOPIC_COUNTRY_TIME_SINGLE_TOPIC,WEB_SEARCH,gpt-5.1,6,Regierungs- und Oppositionsimages in der Bundesrepublik Deutschland 1970,https://doi.org/10.4232/1.10992,"Examines images of government and opposition in West Germany in 1970, addressing perceptions of governing parties, opposition, and the functioning of the parliamentary system.",output\full_metadata_model_comparison\logs\query_2_WEB_SEARCH_gpt-5.1.json,,0.0,False,0
2,V2_TOPIC_COUNTRY_TIME_SINGLE_TOPIC,WEB_SEARCH,gpt-5.1,7,Politische Kultur in der Bundesrepublik Deutschland 1972,https://doi.org/10.4232/1.11027,"Study of political culture in West Germany in 1972, including trust in political institutions, legitimacy of the political system, and evaluations of democratic governance.",output\full_metadata_model_comparison\logs\query_2_WEB_SEARCH_gpt-5.1.json,,0.0,False,0
2,V2_TOPIC_COUNTRY_TIME_SINGLE_TOPIC,WEB_SEARCH,gpt-5.1,8,Einstellungen zur inneren Sicherheit und zum Staat 1978,https://doi.org/10.4232/1.11088,"Survey on attitudes toward internal security and the state in West Germany in 1978, with items on state authority, institutions, and the relationship between citizens and government.",output\full_metadata_model_comparison\logs\query_2_WEB_SEARCH_gpt-5.1.json,ZA4061,1.0,True,0
2,V2_TOPIC_COUNTRY_TIME_SINGLE_TOPIC,WEB_SEARCH,gpt-5.1,9,Sozialstrukturanalyse und politisches System der Bundesrepublik Deutschland 1976,https://doi.org/10.4232/1.11053,"Links social structure with attitudes to the political system in West Germany in 1976, dealing with political organisations, parties, and institutional trust.",output\full_metadata_model_comparison\logs\query_2_WEB_SEARCH_gpt-5.1.json,ZA5330,1.0,True,0
2,V2_TOPIC_COUNTRY_TIME_SINGLE_TOPIC,WEB_SEARCH,gpt-5.1,10,Kommunalpolitik und Bürgerbeteiligung in der Bundesrepublik Deutschland 1975,https://doi.org/10.4232/1.11011,"Study on local politics and citizen participation in West Germany in 1975, examining local government structures, political organisations at the municipal level, and forms of civic engagement.",output\full_metadata_model_comparison\logs\query_2_WEB_SEARCH_gpt-5.1.json,,0.0,False,0
3,V2_TOPIC_COUNTRY_TIME_SINGLE_TOPIC,NO_WEB,gemma3:27b,1,German Election Study 1972,https://doi.org/10.48488/65917,"This study focuses on the 1972 federal election, covering voter behavior, political attitudes, and social backgrounds.",output\full_metadata_model_comparison\logs\query_3_NO_WEB_gemma3_27b.json,ZA3272,0.8,False,0
3,V2_TOPIC_COUNTRY_TIME_SINGLE_TOPIC,NO_WEB,gemma3:27b,2,German Election Study 1976,https://doi.org/10.48488/65925,"Data from the 1976 federal election, including information on voting decisions, party preferences, and political engagement.",output\full_metadata_model_comparison\logs\query_3_NO_WEB_gemma3_27b.json,ZA1397,0.84,False,0
3,V2_TOPIC_COUNTRY_TIME_SINGLE_TOPIC,NO_WEB,gemma3:27b,3,German Election Study 1977,https://doi.org/10.48488/65933,"Supplement to the 1976 German Election Study, providing additional insights into voter behavior and political landscape.",output\full_metadata_model_comparison\logs\query_3_NO_WEB_gemma3_27b.json,ZA3272,0.8,False,0
3,V2_TOPIC_COUNTRY_TIME_SINGLE_TOPIC,NO_WEB,gemma3:27b,4,German Election Study 1980,https://doi.org/10.48488/65941,"Covers the 1980 federal election, examining electoral behavior and political opinions.",output\full_metadata_model_comparison\logs\query_3_NO_WEB_gemma3_27b.json,ZA1398,0.84,False,0
3,V2_TOPIC_COUNTRY_TIME_SINGLE_TOPIC,NO_WEB,gemma3:27b,5,Political Attitudes and Behavior in West Germany 1970-1982 (ZA3101),https://doi.org/10.48488/3101,A cumulative dataset covering multiple election cycles in the 1970s and early 1980s. Contains survey data on attitudes and behaviors relevant to elections.,output\full_metadata_model_comparison\logs\query_3_NO_WEB_gemma3_27b.json,,0.0,False,0
3,V2_TOPIC_COUNTRY_TIME_SINGLE_TOPIC,NO_WEB,gemma3:27b,6,Election Study - Federal Republic of Germany 1972-1980 (ZA2878),https://doi.org/10.48488/2878,This dataset encompasses data from several election studies between 1972 and 1980. It provides a valuable resource for longitudinal analysis.,output\full_metadata_model_comparison\logs\query_3_NO_WEB_gemma3_27b.json,ZA1221,0.7079646017699115,False,0
3,V2_TOPIC_COUNTRY_TIME_SINGLE_TOPIC,NO_WEB,gpt-4.1,1,"German Election Study, Federal Election 1972 (ZA0324)",https://search.gesis.org/research_data/ZA0324,"This dataset covers the federal election in Germany in 1972, containing extensive information about political attitudes and behavior.",output\full_metadata_model_comparison\logs\query_3_NO_WEB_gpt-4.1.json,,0.0,False,0
3,V2_TOPIC_COUNTRY_TIME_SINGLE_TOPIC,NO_WEB,gpt-4.1,2,German National Election Study 1976 (ZA0441),https://search.gesis.org/research_data/ZA0441,"This is a comprehensive dataset on the German federal election in 1976, including voter opinions and election results.",output\full_metadata_model_comparison\logs\query_3_NO_WEB_gpt-4.1.json,ZA0441,1.0,True,0
3,V2_TOPIC_COUNTRY_TIME_SINGLE_TOPIC,NO_WEB,gpt-4.1,3,"German Election Study, Federal Election 1972: Politician Survey (ZA0324)",https://search.gesis.org/research_data/ZA0324,"This dataset involves surveys of politicians during the 1972 election, offering insights into party perspectives.",output\full_metadata_model_comparison\logs\query_3_NO_WEB_gpt-4.1.json,,0.0,False,0
3,V2_TOPIC_COUNTRY_TIME_SINGLE_TOPIC,NO_WEB,gpt-4.1,4,"German Election Study, Federal Election 1976: Politician Survey (ZA0441)",https://search.gesis.org/research_data/ZA0441,This records politician views in context of the 1976 federal election in Germany.,output\full_metadata_model_comparison\logs\query_3_NO_WEB_gpt-4.1.json,ZA0441,1.0,True,0
3,V2_TOPIC_COUNTRY_TIME_SINGLE_TOPIC,NO_WEB,gpt-4.1,5,"German Election Study, Federal Election 1976: Pre-Election Survey (ZA0538)",https://search.gesis.org/research_data/ZA0538,This dataset includes pre-election data about the 1976 federal election in Germany.,output\full_metadata_model_comparison\logs\query_3_NO_WEB_gpt-4.1.json,ZA0538,1.0,True,0
3,V2_TOPIC_COUNTRY_TIME_SINGLE_TOPIC,NO_WEB,gpt-4.1,6,German Federal Election 1972: Media Analysis (ZA0322),https://search.gesis.org/research_data/ZA0322,This focuses on the media's role during the 1972 federal elections.,output\full_metadata_model_comparison\logs\query_3_NO_WEB_gpt-4.1.json,ZA0322,1.0,True,0
3,V2_TOPIC_COUNTRY_TIME_SINGLE_TOPIC,NO_WEB,gpt-4.1,7,German Federal Election 1976: Media Analysis (ZA0443),https://search.gesis.org/research_data/ZA0443,Analyzes media coverage of the 1976 federal election in Germany.,output\full_metadata_model_comparison\logs\query_3_NO_WEB_gpt-4.1.json,ZA0443,1.0,True,0
3,V2_TOPIC_COUNTRY_TIME_SINGLE_TOPIC,NO_WEB,gpt-4.1,8,German Election Study - Bundestag Election 1976: Party Manifestos (ZA0444),https://search.gesis.org/research_data/ZA0444,Contains party manifesto content for the 1976 Bundestag election.,output\full_metadata_model_comparison\logs\query_3_NO_WEB_gpt-4.1.json,ZA0444,1.0,True,0
3,V2_TOPIC_COUNTRY_TIME_SINGLE_TOPIC,NO_WEB,llama4:latest,1,Bundestagswahl 1972,https://doi.org/10.4232/1.01105,This dataset contains information about the 1972 German federal election.,output\full_metadata_model_comparison\logs\query_3_NO_WEB_llama4_latest.json,,0.0,False,0
3,V2_TOPIC_COUNTRY_TIME_SINGLE_TOPIC,NO_WEB,llama4:latest,2,Bundestagswahl 1976,https://doi.org/10.4232/1.01106,This dataset contains information about the 1976 German federal election.,output\full_metadata_model_comparison\logs\query_3_NO_WEB_llama4_latest.json,,0.0,False,0
3,V2_TOPIC_COUNTRY_TIME_SINGLE_TOPIC,NO_WEB,llama4:latest,3,Landtagswahlen in der Bundesrepublik Deutschland 1946-1975,https://doi.org/10.4232/1.01103,This dataset contains information about state elections in West Germany from 1946 to 1975.,output\full_metadata_model_comparison\logs\query_3_NO_WEB_llama4_latest.json,,0.0,False,0
3,V2_TOPIC_COUNTRY_TIME_SINGLE_TOPIC,NO_WEB,o4-mini,1,Elections to the German Bundestag 1972 – Official Results (1st and 2nd Vote),https://doi.org/10.4232/1.12417,"Constituency‐level official voting results for the 1972 West German federal election, archived by GESIS.",output\full_metadata_model_comparison\logs\query_3_NO_WEB_o4-mini.json,,0.0,False,0
3,V2_TOPIC_COUNTRY_TIME_SINGLE_TOPIC,NO_WEB,o4-mini,2,Elections to the German Bundestag 1976 – Official Results (1st and 2nd Vote),https://doi.org/10.4232/1.12419,"Constituency‐level official voting results for the 1976 West German federal election, archived by GESIS.",output\full_metadata_model_comparison\logs\query_3_NO_WEB_o4-mini.json,,0.0,False,0
3,V2_TOPIC_COUNTRY_TIME_SINGLE_TOPIC,NO_WEB,gpt-5.1,1,German Federal Election Study 1969 (Bundestagswahl 1969),https://doi.org/10.4232/1.1648,"GESIS pre- and post-election survey around the 1969 Bundestag election, directly relevant as baseline for early-1970s electoral behavior in Germany.",output\full_metadata_model_comparison\logs\query_3_NO_WEB_gpt-5.1.json,ZA1648,1.0,True,0
3,V2_TOPIC_COUNTRY_TIME_SINGLE_TOPIC,NO_WEB,gpt-5.1,2,German Federal Election Study 1972 (Bundestagswahl 1972),https://doi.org/10.4232/1.1649,"Core GESIS election study for the 1972 Bundestag election, focusing on voting behavior, party preferences, and political attitudes in (West) Germany during the early 1970s.",output\full_metadata_model_comparison\logs\query_3_NO_WEB_gpt-5.1.json,ZA1649,1.0,True,0
3,V2_TOPIC_COUNTRY_TIME_SINGLE_TOPIC,NO_WEB,gpt-5.1,3,German Federal Election Study 1976 (Bundestagswahl 1976),https://doi.org/10.4232/1.1650,"Central survey on the 1976 West German federal election with rich information on turnout, vote choice, and issue orientations in the mid-1970s.",output\full_metadata_model_comparison\logs\query_3_NO_WEB_gpt-5.1.json,ZA1650,1.0,True,0
3,V2_TOPIC_COUNTRY_TIME_SINGLE_TOPIC,NO_WEB,gpt-5.1,4,German Federal Election Study 1980 (Bundestagswahl 1980) – Panel including 1970s components,https://doi.org/10.4232/1.1651,"Though the main election is 1980, the associated panel and contextual variables cover late-1970s political alignments, making it useful for studying electoral change over the 1970s.",output\full_metadata_model_comparison\logs\query_3_NO_WEB_gpt-5.1.json,,0.0,False,0
3,V2_TOPIC_COUNTRY_TIME_SINGLE_TOPIC,NO_WEB,gpt-5.1,5,"Political Attitudes, Political Participation and Voter Behavior in the Federal Republic of Germany, 1973",https://doi.org/10.4232/1.1234,"GESIS survey focusing on participation and voting-related attitudes in 1973, between the 1972 and 1976 Bundestag elections, directly tied to electoral behavior.",output\full_metadata_model_comparison\logs\query_3_NO_WEB_gpt-5.1.json,ZA1234,1.0,True,0
3,V2_TOPIC_COUNTRY_TIME_SINGLE_TOPIC,NO_WEB,gpt-5.1,6,"Political Attitudes, Political Participation and Voter Behavior in the Federal Republic of Germany, 1975",https://doi.org/10.4232/1.1235,"Mid-1970s GESIS study on political behavior, including vote intentions and party identification, relevant for non-election-year analysis of the 1970s electorate.",output\full_metadata_model_comparison\logs\query_3_NO_WEB_gpt-5.1.json,ZA3065,0.8247422680412371,False,0
3,V2_TOPIC_COUNTRY_TIME_SINGLE_TOPIC,NO_WEB,gpt-5.1,7,State Election Study: Landtag Election North Rhine-Westphalia 1970,https://doi.org/10.4232/1.2001,"Subnational (state) election dataset for a major German Land in 1970, suitable for analyzing regional electoral patterns in the early 1970s.",output\full_metadata_model_comparison\logs\query_3_NO_WEB_gpt-5.1.json,ZA2001,1.0,True,0
3,V2_TOPIC_COUNTRY_TIME_SINGLE_TOPIC,NO_WEB,gpt-5.1,8,State Election Study: Landtag Election Lower Saxony 1974,https://doi.org/10.4232/1.2002,"GESIS study on a 1974 state election, providing data on voting behavior and party competition within the 1970s German political context.",output\full_metadata_model_comparison\logs\query_3_NO_WEB_gpt-5.1.json,ZA2002,1.0,True,0
3,V2_TOPIC_COUNTRY_TIME_SINGLE_TOPIC,NO_WEB,gpt-5.1,9,State Election Study: Landtag Election Hesse 1974,https://doi.org/10.4232/1.2003,"Covers another key state election in 1974, enabling comparison of electoral behavior across Länder in mid-1970s West Germany.",output\full_metadata_model_comparison\logs\query_3_NO_WEB_gpt-5.1.json,ZA2003,1.0,True,0
3,V2_TOPIC_COUNTRY_TIME_SINGLE_TOPIC,NO_WEB,gpt-5.1,10,State Election Study: Landtag Election Bavaria 1978,https://doi.org/10.4232/1.2004,"Late-1970s Bavarian state election data, important for examining regional and CSU-specific electoral dynamics within Germany during the 1970s.",output\full_metadata_model_comparison\logs\query_3_NO_WEB_gpt-5.1.json,ZA3167,0.7160493827160493,False,0
3,V2_TOPIC_COUNTRY_TIME_SINGLE_TOPIC,NO_WEB,gpt-oss:latest,1,Bundestagswahl 1970,https://doi.org/10.17645/1.2000,"Comprehensive survey and electoral data for the German federal election held in 1970, available in the GESIS Data Archive.",output\full_metadata_model_comparison\logs\query_3_NO_WEB_gpt-oss_latest.json,,0.0,False,0
3,V2_TOPIC_COUNTRY_TIME_SINGLE_TOPIC,NO_WEB,gpt-oss:latest,2,Bundestagswahl 1972,https://doi.org/10.17645/1.2001,"Dataset covering the 1972 German federal election, including voter demographics and turnout, hosted by GESIS.",output\full_metadata_model_comparison\logs\query_3_NO_WEB_gpt-oss_latest.json,,0.0,False,0
3,V2_TOPIC_COUNTRY_TIME_SINGLE_TOPIC,NO_WEB,gpt-oss:latest,3,Bundestagswahl 1976,https://doi.org/10.17645/1.2002,"Detailed data on the 1976 Bundestag election, provided by GESIS as part of its election research collection.",output\full_metadata_model_comparison\logs\query_3_NO_WEB_gpt-oss_latest.json,,0.0,False,0
3,V2_TOPIC_COUNTRY_TIME_SINGLE_TOPIC,WEB_SEARCH,gemma3:27b,1,German Election Study 1972,https://doi.org/10.48488/64888,"This study focuses on the 1972 German Federal Election, providing data on voter behavior and political attitudes. It falls within the requested time period and topic.",output\full_metadata_model_comparison\logs\query_3_WEB_SEARCH_gemma3_27b.json,ZA3272,0.8,False,0
3,V2_TOPIC_COUNTRY_TIME_SINGLE_TOPIC,WEB_SEARCH,gemma3:27b,2,German Election Study 1976,https://doi.org/10.48488/64918,"This study focuses on the 1976 German Federal Election, providing data on voter behavior and political attitudes. It falls within the requested time period and topic.",output\full_metadata_model_comparison\logs\query_3_WEB_SEARCH_gemma3_27b.json,ZA1397,0.84,False,0
3,V2_TOPIC_COUNTRY_TIME_SINGLE_TOPIC,WEB_SEARCH,gemma3:27b,3,German Election Study 1977,https://doi.org/10.48488/64938,"This study is a post-election survey from 1977, dealing with the aftermath of the 1976 election and related political issues.",output\full_metadata_model_comparison\logs\query_3_WEB_SEARCH_gemma3_27b.json,ZA3272,0.8,False,0
3,V2_TOPIC_COUNTRY_TIME_SINGLE_TOPIC,WEB_SEARCH,gemma3:27b,4,German Election Study 1973,https://doi.org/10.48488/64898,"This study focuses on the 1973 regional elections in Lower Saxony and Hamburg, providing data on voter behavior and political attitudes. Although not a federal election, it is relevant to German elections in the 1970s.",output\full_metadata_model_comparison\logs\query_3_WEB_SEARCH_gemma3_27b.json,ZA3272,0.8,False,0
3,V2_TOPIC_COUNTRY_TIME_SINGLE_TOPIC,WEB_SEARCH,gemma3:27b,5,ALLBUS - General Population Survey in the Federal Republic of Germany (1970-1980),https://doi.org/10.48488/22281,"While not solely focused on elections, the ALLBUS surveys conducted throughout the 1970s contain data relevant to political opinions and voting behavior within the requested timeframe.",output\full_metadata_model_comparison\logs\query_3_WEB_SEARCH_gemma3_27b.json,ZA1221,0.7328244274809159,False,0
3,V2_TOPIC_COUNTRY_TIME_SINGLE_TOPIC,WEB_SEARCH,gemma3:27b,6,German Election Study 1972 - Appendix,https://doi.org/10.48488/64892,"Supplementary data for the 1972 German Election Study, offering a more complete dataset for research.",output\full_metadata_model_comparison\logs\query_3_WEB_SEARCH_gemma3_27b.json,,0.0,False,0
3,V2_TOPIC_COUNTRY_TIME_SINGLE_TOPIC,WEB_SEARCH,gemma3:27b,7,German Election Study 1976 - Appendix,https://doi.org/10.48488/64922,"Supplementary data for the 1976 German Election Study, offering a more complete dataset for research.",output\full_metadata_model_comparison\logs\query_3_WEB_SEARCH_gemma3_27b.json,,0.0,False,0
3,V2_TOPIC_COUNTRY_TIME_SINGLE_TOPIC,WEB_SEARCH,gemma3:27b,8,Documentation of the German Election Study 1972,https://gesis.infrae.de/en/materialien/dokumentation-der-deutschen-wahlstudie-1972/,"Provides detailed documentation for the 1972 German Election Study, enhancing understanding of the data.",output\full_metadata_model_comparison\logs\query_3_WEB_SEARCH_gemma3_27b.json,,0.0,False,0
3,V2_TOPIC_COUNTRY_TIME_SINGLE_TOPIC,WEB_SEARCH,gemma3:27b,9,Documentation of the German Election Study 1976,https://gesis.infrae.de/en/materialien/dokumentation-der-deutschen-wahlstudie-1976/,"Provides detailed documentation for the 1976 German Election Study, enhancing understanding of the data.",output\full_metadata_model_comparison\logs\query_3_WEB_SEARCH_gemma3_27b.json,,0.0,False,0
3,V2_TOPIC_COUNTRY_TIME_SINGLE_TOPIC,WEB_SEARCH,gpt-4.1,1,"German Federal Election 1972 (Political Attitudes, Political Participation and Voter Behavior in the Federal Republic of Germany: German Federal Election 1972)",https://search.gesis.org/research_data/ZA0501,"This dataset covers political attitudes, participation, and voter behavior during the 1972 German Federal Election, directly matching the topic of elections in Germany in the 1970s.",output\full_metadata_model_comparison\logs\query_3_WEB_SEARCH_gpt-4.1.json,ZA0501,1.0,True,0
3,V2_TOPIC_COUNTRY_TIME_SINGLE_TOPIC,WEB_SEARCH,gpt-4.1,2,"German Federal Election 1976 (Political Attitudes, Political Participation and Voter Behavior in the Federal Republic of Germany: German Federal Election 1976)",https://search.gesis.org/research_data/ZA1151,"This dataset provides detailed information related to the 1976 election in Germany, including voter attitudes, participation, and behavior.",output\full_metadata_model_comparison\logs\query_3_WEB_SEARCH_gpt-4.1.json,ZA1151,1.0,True,0
3,V2_TOPIC_COUNTRY_TIME_SINGLE_TOPIC,WEB_SEARCH,gpt-4.1,3,"Political Attitudes, Political Participation and Voter Behavior in the Federal Republic (PAPI) - German Federal Election 1972",https://doi.org/10.4232/1.0501,"The DOI points to a GESIS-hosted dataset specifically about the German Federal Election 1972, a central election of the 1970s.",output\full_metadata_model_comparison\logs\query_3_WEB_SEARCH_gpt-4.1.json,ZA0501,1.0,True,0
3,V2_TOPIC_COUNTRY_TIME_SINGLE_TOPIC,WEB_SEARCH,gpt-4.1,4,"Political Attitudes, Political Participation and Voter Behavior in the Federal Republic (PAPI) - German Federal Election 1976",https://doi.org/10.4232/1.1151,"This DOI leads to a dataset concerning the 1976 federal election in Germany, highlighting relevant electoral research from the 1970s.",output\full_metadata_model_comparison\logs\query_3_WEB_SEARCH_gpt-4.1.json,ZA1151,1.0,True,0
3,V2_TOPIC_COUNTRY_TIME_SINGLE_TOPIC,WEB_SEARCH,gpt-4.1,5,German Election Studies: Bundestag Election 1976 (Trend Surveys),https://search.gesis.org/research_data/ZA1422,"This dataset contains repeated surveys around the 1976 Bundestag election, offering insight into ongoing electoral trends during the 1970s.",output\full_metadata_model_comparison\logs\query_3_WEB_SEARCH_gpt-4.1.json,ZA1422,1.0,True,0
3,V2_TOPIC_COUNTRY_TIME_SINGLE_TOPIC,WEB_SEARCH,gpt-4.1,6,German Election Studies: Bundestag Election 1972 (Trend Surveys),https://search.gesis.org/research_data/ZA1421,"This dataset provides trend surveys associated with the 1972 Bundestag election, reflecting continuous electoral research in 1970s Germany.",output\full_metadata_model_comparison\logs\query_3_WEB_SEARCH_gpt-4.1.json,ZA1421,1.0,True,0
3,V2_TOPIC_COUNTRY_TIME_SINGLE_TOPIC,WEB_SEARCH,llama4:latest,1,German Election Dataset 1949-2009,https://doi.org/10.21244/zesst.2009.01,"This dataset contains information on German elections from 1949 to 2009, which includes the 1970s.",output\full_metadata_model_comparison\logs\query_3_WEB_SEARCH_llama4_latest.json,,0.0,False,0
3,V2_TOPIC_COUNTRY_TIME_SINGLE_TOPIC,WEB_SEARCH,llama4:latest,2,German Federal Election 1976,https://www.gesis.org/forschung/sozialforschung/datenarchiv/wahlen/bundestagswahlen/1976/,"This page provides information on the 1976 German federal election, which took place during the 1970s.",output\full_metadata_model_comparison\logs\query_3_WEB_SEARCH_llama4_latest.json,,0.0,False,0
3,V2_TOPIC_COUNTRY_TIME_SINGLE_TOPIC,WEB_SEARCH,llama4:latest,3,German Federal Election 1972,https://www.gesis.org/forschung/sozialforschung/datenarchiv/wahlen/bundestagswahlen/1972/,"This page provides information on the 1972 German federal election, which took place during the 1970s.",output\full_metadata_model_comparison\logs\query_3_WEB_SEARCH_llama4_latest.json,,0.0,False,0
3,V2_TOPIC_COUNTRY_TIME_SINGLE_TOPIC,WEB_SEARCH,llama4:latest,4,ZA Electoral Studies,https://doi.org/10.4232/1.11835,"This dataset contains information on electoral studies, including German elections during the 1970s.",output\full_metadata_model_comparison\logs\query_3_WEB_SEARCH_llama4_latest.json,ZA3562,1.0,True,0
3,V2_TOPIC_COUNTRY_TIME_SINGLE_TOPIC,WEB_SEARCH,llama4:latest,5,GESIS Election Data,https://www.gesis.org/en/data/elections/,"This page provides access to various election datasets, including those related to German elections in the 1970s.",output\full_metadata_model_comparison\logs\query_3_WEB_SEARCH_llama4_latest.json,,0.0,False,0
3,V2_TOPIC_COUNTRY_TIME_SINGLE_TOPIC,WEB_SEARCH,llama4:latest,6,ZA German Election Data,https://www.za.uni-koeln.de/data/,"This page provides access to German election data, including datasets related to the 1970s.",output\full_metadata_model_comparison\logs\query_3_WEB_SEARCH_llama4_latest.json,,0.0,False,0
3,V2_TOPIC_COUNTRY_TIME_SINGLE_TOPIC,WEB_SEARCH,llama4:latest,7,1972 German Bundestag Election,https://doi.org/10.21244/zesst.1973.01,This dataset contains information on the 1972 German Bundestag election.,output\full_metadata_model_comparison\logs\query_3_WEB_SEARCH_llama4_latest.json,,0.0,False,0
3,V2_TOPIC_COUNTRY_TIME_SINGLE_TOPIC,WEB_SEARCH,llama4:latest,8,1976 German Bundestag Election,https://doi.org/10.21244/zesst.1977.01,This dataset contains information on the 1976 German Bundestag election.,output\full_metadata_model_comparison\logs\query_3_WEB_SEARCH_llama4_latest.json,,0.0,False,0
3,V2_TOPIC_COUNTRY_TIME_SINGLE_TOPIC,WEB_SEARCH,llama4:latest,9,GESIS Election Data 1949-1990,https://doi.org/10.21244/zesst.1991.01,"This dataset contains information on German elections from 1949 to 1990, including the 1970s.",output\full_metadata_model_comparison\logs\query_3_WEB_SEARCH_llama4_latest.json,,0.0,False,0
3,V2_TOPIC_COUNTRY_TIME_SINGLE_TOPIC,WEB_SEARCH,llama4:latest,10,ZA 4270: German Election 1972,https://doi.org/10.4232/1.4270,This dataset contains information on the 1972 German election.,output\full_metadata_model_comparison\logs\query_3_WEB_SEARCH_llama4_latest.json,ZA4270,1.0,True,0
3,V2_TOPIC_COUNTRY_TIME_SINGLE_TOPIC,WEB_SEARCH,o4-mini,1,German General Social Survey (Allbus) 1970,https://doi.org/10.4232/1.11531,Allbus 1970 includes data on political attitudes and voting behavior in Germany during the 1970s and is hosted by GESIS with DOI landing page,output\full_metadata_model_comparison\logs\query_3_WEB_SEARCH_o4-mini.json,ZA3791,1.0,True,0
3,V2_TOPIC_COUNTRY_TIME_SINGLE_TOPIC,WEB_SEARCH,o4-mini,2,German General Social Survey (Allbus) 1974,https://doi.org/10.4232/1.11532,"Allbus 1974 provides comprehensive data on elections and voting patterns in Germany in the mid-1970s, hosted by GESIS",output\full_metadata_model_comparison\logs\query_3_WEB_SEARCH_o4-mini.json,ZA3787,1.0,True,0
3,V2_TOPIC_COUNTRY_TIME_SINGLE_TOPIC,WEB_SEARCH,o4-mini,3,German General Social Survey (Allbus) 1978,https://doi.org/10.4232/1.11533,"Allbus 1978 offers information on political behavior around the 1978 election period in Germany, with a landing page at GESIS",output\full_metadata_model_comparison\logs\query_3_WEB_SEARCH_o4-mini.json,ZA3776,1.0,True,0
3,V2_TOPIC_COUNTRY_TIME_SINGLE_TOPIC,WEB_SEARCH,o4-mini,4,Politbarometer 1977–1980 (West Germany),https://doi.org/10.4232/1.10344,"The Politbarometer series from 1977–1980 provides monthly public-opinion data including voting intentions, hosted by GESIS with DOI",output\full_metadata_model_comparison\logs\query_3_WEB_SEARCH_o4-mini.json,ZA5064,1.0,True,0
3,V2_TOPIC_COUNTRY_TIME_SINGLE_TOPIC,WEB_SEARCH,o4-mini,5,German National Election Study 1972 (Gesis Data Archive),https://doi.org/10.4232/1.12578,"This dataset covers the 1972 federal election in West Germany, available from the GESIS Data Archive",output\full_metadata_model_comparison\logs\query_3_WEB_SEARCH_o4-mini.json,ZA7471,1.0,True,0
3,V2_TOPIC_COUNTRY_TIME_SINGLE_TOPIC,WEB_SEARCH,o4-mini,6,German National Election Study 1976 (Gesis Data Archive),https://doi.org/10.4232/1.12579,"Dataset for the 1976 West German federal election study, hosted by GESIS with DOI landing page",output\full_metadata_model_comparison\logs\query_3_WEB_SEARCH_o4-mini.json,ZA6748,1.0,True,0
3,V2_TOPIC_COUNTRY_TIME_SINGLE_TOPIC,WEB_SEARCH,o4-mini,7,German Parliamentary Election Results – Bundestag 1972,https://doi.org/10.4232/1.10190,"Detailed constituency-level election results for the 1972 Bundestag election in Germany, available via GESIS Data Archive",output\full_metadata_model_comparison\logs\query_3_WEB_SEARCH_o4-mini.json,,0.0,False,0
3,V2_TOPIC_COUNTRY_TIME_SINGLE_TOPIC,WEB_SEARCH,o4-mini,8,German Parliamentary Election Results – Bundestag 1976,https://doi.org/10.4232/1.10191,"Detailed data on the 1976 Bundestag election outcomes by constituency, hosted at GESIS Data Archive",output\full_metadata_model_comparison\logs\query_3_WEB_SEARCH_o4-mini.json,,0.0,False,0
3,V2_TOPIC_COUNTRY_TIME_SINGLE_TOPIC,WEB_SEARCH,o4-mini,9,German Longitudinal Election Study (GLES): Pre-1980 Modules,https://doi.org/10.4232/1.12345,"Early modules of the longitudinal election study cover late 1970s political data in Germany, available from GESIS",output\full_metadata_model_comparison\logs\query_3_WEB_SEARCH_o4-mini.json,ZA4600,1.0,True,0
3,V2_TOPIC_COUNTRY_TIME_SINGLE_TOPIC,WEB_SEARCH,gpt-5-mini,1,German Longitudinal Election Study (GLES) - 1976 Bundestag Election (Cross-sectional survey),https://doi.org/10.4232/1.13834,GLES provides datasets and documentation for German federal elections; the 1976 Bundestag cross-section is a GESIS-hosted DOI entry covering the 1976 election in the 1970s.,output\full_metadata_model_comparison\logs\query_3_WEB_SEARCH_gpt-5-mini.json,ZA7761,1.0,True,0
3,V2_TOPIC_COUNTRY_TIME_SINGLE_TOPIC,WEB_SEARCH,gpt-5-mini,2,Elections in the Federal Republic of Germany - 1972 Bundestag Election (MZES/GESIS data),https://search.gesis.org/permalink/doi:10.4232/1.12960,"GESIS catalogue entry / DOI for a dataset on the 1972 federal election, documenting voting and related variables for Germany in the early 1970s.",output\full_metadata_model_comparison\logs\query_3_WEB_SEARCH_gpt-5-mini.json,ZA8680,1.0,True,0
3,V2_TOPIC_COUNTRY_TIME_SINGLE_TOPIC,WEB_SEARCH,gpt-5-mini,3,Elections in the Federal Republic of Germany - 1976 Bundestag Election (Dataseries entry),https://search.gesis.org/permalink/doi:10.4232/1.13833,GESIS-hosted dataset DOI for the 1976 federal election; the catalogue entry provides survey data and metadata for the 1970s election.,output\full_metadata_model_comparison\logs\query_3_WEB_SEARCH_gpt-5-mini.json,ZA7759,1.0,True,0
3,V2_TOPIC_COUNTRY_TIME_SINGLE_TOPIC,WEB_SEARCH,gpt-5-mini,4,German Bundestag Election Study 1972 - Microdata,https://search.gesis.org/permalink/doi:10.4232/1.12959,"GESIS DOI entry for microdata from the 1972 Bundestag election, a primary GESIS dataset covering elections in Germany during the 1970s.",output\full_metadata_model_comparison\logs\query_3_WEB_SEARCH_gpt-5-mini.json,,0.0,False,0
3,V2_TOPIC_COUNTRY_TIME_SINGLE_TOPIC,WEB_SEARCH,gpt-5-mini,5,Elections in the Federal Republic of Germany - 1979 European Parliament Election (West Germany),https://search.gesis.org/permalink/doi:10.4232/1.14200,"GESIS catalogue DOI for the 1979 European Parliament election data relating to West Germany, relevant to elections in the late 1970s.",output\full_metadata_model_comparison\logs\query_3_WEB_SEARCH_gpt-5-mini.json,,0.0,False,0
3,V2_TOPIC_COUNTRY_TIME_SINGLE_TOPIC,WEB_SEARCH,gpt-5-mini,6,Politbarometer / Election Surveys (Archive) - 1970s survey data (GESIS search entry),https://search.gesis.org/,"GESIS data catalogue includes archived election and opinion survey series (e.g., Politbarometer) for the 1970s; use the GESIS catalogue root to locate specific 1970s election survey landing pages and datasets.",output\full_metadata_model_comparison\logs\query_3_WEB_SEARCH_gpt-5-mini.json,,0.0,False,0
3,V2_TOPIC_COUNTRY_TIME_SINGLE_TOPIC,WEB_SEARCH,gpt-5.1,1,Bundestag Election Study 1972,https://doi.org/10.4232/1.1378,"National election study focused on the 1972 Federal Election in Germany, directly covering electoral behavior in the early 1970s.",output\full_metadata_model_comparison\logs\query_3_WEB_SEARCH_gpt-5.1.json,ZA1378,1.0,True,0
3,V2_TOPIC_COUNTRY_TIME_SINGLE_TOPIC,WEB_SEARCH,gpt-5.1,2,Bundestag Election Study 1976,https://doi.org/10.4232/1.1380,"GESIS election study on the 1976 Federal Election in Germany, capturing voter attitudes and behavior in the mid‐1970s.",output\full_metadata_model_comparison\logs\query_3_WEB_SEARCH_gpt-5.1.json,ZA1380,1.0,True,0
3,V2_TOPIC_COUNTRY_TIME_SINGLE_TOPIC,WEB_SEARCH,gpt-5.1,3,Bundestag Election Study 1980 (with 1970s reference period),https://doi.org/10.4232/1.1381,"Although the election is in 1980, the study includes retrospective questions and political attitudes formed in the late 1970s, relevant for the 1970s electoral context.",output\full_metadata_model_comparison\logs\query_3_WEB_SEARCH_gpt-5.1.json,ZA1381,1.0,True,0
3,V2_TOPIC_COUNTRY_TIME_SINGLE_TOPIC,WEB_SEARCH,gpt-5.1,4,Bundestag Election Study 1969 (Panel with 1970s follow‐ups),https://doi.org/10.4232/1.1377,Panel study starting with the 1969 Federal Election that contains follow‐up interviews and political behavior data extending into the early 1970s.,output\full_metadata_model_comparison\logs\query_3_WEB_SEARCH_gpt-5.1.json,ZA1377,1.0,True,0
3,V2_TOPIC_COUNTRY_TIME_SINGLE_TOPIC,WEB_SEARCH,gpt-5.1,5,Landtag Election Study Baden‐Württemberg 1972,https://search.gesis.org/research_data/ZA2390,"Regional election study on the 1972 state election in Baden‐Württemberg, part of GESIS’ election study series for Germany in the 1970s.",output\full_metadata_model_comparison\logs\query_3_WEB_SEARCH_gpt-5.1.json,ZA2390,1.0,True,0
3,V2_TOPIC_COUNTRY_TIME_SINGLE_TOPIC,WEB_SEARCH,gpt-5.1,6,Landtag Election Study Lower Saxony 1974,https://search.gesis.org/research_data/ZA2442,"Covers the 1974 state election in Lower Saxony, documenting subnational electoral behavior in Germany during the 1970s.",output\full_metadata_model_comparison\logs\query_3_WEB_SEARCH_gpt-5.1.json,ZA2442,1.0,True,0
3,V2_TOPIC_COUNTRY_TIME_SINGLE_TOPIC,WEB_SEARCH,gpt-5.1,7,European Election Study 1979 – Germany (National Sample),https://doi.org/10.4232/1.7725,"German component of the 1979 first direct elections to the European Parliament, including German voters and electoral attitudes at the end of the 1970s.",output\full_metadata_model_comparison\logs\query_3_WEB_SEARCH_gpt-5.1.json,,0.0,False,0
3,V2_TOPIC_COUNTRY_TIME_SINGLE_TOPIC,WEB_SEARCH,gpt-5.1,8,German Longitudinal Election Study – Historical Bundestag Studies (1969–1980),https://search.gesis.org/research_data/ZA4055,"Collection bundling several Bundestag election studies from 1969 to 1980, providing harmonized data for German elections across the 1970s.",output\full_metadata_model_comparison\logs\query_3_WEB_SEARCH_gpt-5.1.json,ZA4055,1.0,True,0
3,V2_TOPIC_COUNTRY_TIME_SINGLE_TOPIC,WEB_SEARCH,gpt-5.1,9,Political Attitudes and Electoral Behavior in the Federal Republic of Germany 1973,https://search.gesis.org/research_data/ZA0830,"Survey in 1973 on political attitudes and voting behavior in Germany, directly addressing electoral preferences between federal elections in the 1970s.",output\full_metadata_model_comparison\logs\query_3_WEB_SEARCH_gpt-5.1.json,ZA0830,1.0,True,0
3,V2_TOPIC_COUNTRY_TIME_SINGLE_TOPIC,WEB_SEARCH,gpt-5.1,10,Political Attitudes and Electoral Behavior in the Federal Republic of Germany 1977,https://search.gesis.org/research_data/ZA0831,"Follow‐up study on political attitudes and electoral behavior in 1977, focusing on the German electorate in the late 1970s.",output\full_metadata_model_comparison\logs\query_3_WEB_SEARCH_gpt-5.1.json,ZA0831,1.0,True,0
